url,thumb
http://bl.ocks.org/1005090,http://bl.ocks.org/d/1005090/thumbnail.png
http://bl.ocks.org/1005873,https://gist.github.com/mbostock/1005873/raw/thumbnail.png
http://bl.ocks.org/1009139,https://gist.github.com/mbostock/1009139/raw/thumbnail.png
http://bl.ocks.org/1014829,https://gist.github.com/mbostock/1014829/raw/thumbnail.png
http://bl.ocks.org/1016220,https://gist.github.com/mbostock/1016220/raw/thumbnail.png
http://bl.ocks.org/1020902,https://gist.github.com/mbostock/1020902/raw/thumbnail.png
http://bl.ocks.org/1021103,https://gist.github.com/mbostock/1021103/raw/thumbnail.png
http://bl.ocks.org/1021841,https://gist.github.com/mbostock/1021841/raw/thumbnail.png
http://bl.ocks.org/1021953,https://gist.github.com/mbostock/1021953/raw/thumbnail.png
http://bl.ocks.org/1044242,https://gist.github.com/mbostock/1044242/raw/thumbnail.png
http://bl.ocks.org/1062288,https://gist.github.com/mbostock/1062288/raw/thumbnail.png
http://bl.ocks.org/1062383,https://gist.github.com/mbostock/1062383/raw/thumbnail.png
http://bl.ocks.org/1062544,https://gist.github.com/mbostock/1062544/raw/thumbnail.png
http://bl.ocks.org/1067616,https://gist.github.com/mbostock/1067616/raw/thumbnail.png
http://bl.ocks.org/1067636,https://gist.github.com/mbostock/1067636/raw/thumbnail.png
http://bl.ocks.org/1071269,https://gist.github.com/mbostock/1071269/raw/thumbnail.png
http://bl.ocks.org/1073373,https://gist.github.com/mbostock/1073373/raw/thumbnail.png
http://bl.ocks.org/1080941,https://gist.github.com/mbostock/1080941/raw/thumbnail.png
http://bl.ocks.org/1086421,https://gist.github.com/mbostock/1086421/raw/thumbnail.png
http://bl.ocks.org/1087001,https://gist.github.com/mbostock/1087001/raw/thumbnail.png
http://bl.ocks.org/1093025,https://gist.github.com/mbostock/1093025/raw/thumbnail.png
http://bl.ocks.org/1093130,https://gist.github.com/mbostock/1093130/raw/thumbnail.png
http://bl.ocks.org/1095795,https://gist.github.com/mbostock/1095795/raw/thumbnail.png
http://bl.ocks.org/1096355,https://gist.github.com/mbostock/1096355/raw/thumbnail.png
http://bl.ocks.org/1098617,https://gist.github.com/mbostock/1098617/raw/thumbnail.png
http://bl.ocks.org/1125997,https://gist.github.com/mbostock/1125997/raw/thumbnail.png
http://bl.ocks.org/1129492,https://gist.github.com/mbostock/1129492/raw/thumbnail.png
http://bl.ocks.org/1134768,https://gist.github.com/mbostock/1134768/raw/thumbnail.png
http://bl.ocks.org/1136236,https://gist.github.com/mbostock/1136236/raw/thumbnail.png
http://bl.ocks.org/1138500,https://gist.github.com/mbostock/1138500/raw/thumbnail.png
http://bl.ocks.org/1153292,https://gist.github.com/mbostock/1153292/raw/thumbnail.png
http://bl.ocks.org/1157787,https://gist.github.com/mbostock/1157787/raw/thumbnail.png
http://bl.ocks.org/1160929,https://gist.github.com/mbostock/1160929/raw/thumbnail.png
http://bl.ocks.org/1166403,https://gist.github.com/mbostock/1166403/raw/thumbnail.png
http://bl.ocks.org/1169680,https://gist.github.com/mbostock/1169680/raw/thumbnail.png
http://bl.ocks.org/1174302,https://gist.github.com/mbostock/1174302/raw/thumbnail.png
http://bl.ocks.org/1175688,https://gist.github.com/mbostock/1175688/raw/thumbnail.png
http://bl.ocks.org/1177588,https://gist.github.com/mbostock/1177588/raw/thumbnail.png
http://bl.ocks.org/1177827,https://gist.github.com/mbostock/1177827/raw/thumbnail.png
http://bl.ocks.org/1177880,https://gist.github.com/mbostock/1177880/raw/thumbnail.png
http://bl.ocks.org/1199811,https://gist.github.com/mbostock/1199811/raw/thumbnail.png
http://bl.ocks.org/1212197,https://gist.github.com/mbostock/1212197/raw/thumbnail.png
http://bl.ocks.org/1212215,https://gist.github.com/mbostock/1212215/raw/thumbnail.png
http://bl.ocks.org/1219585,https://gist.github.com/mbostock/1219585/raw/thumbnail.png
http://bl.ocks.org/1243323,https://gist.github.com/mbostock/1243323/raw/thumbnail.png
http://bl.ocks.org/1246403,https://gist.github.com/mbostock/1246403/raw/thumbnail.png
http://bl.ocks.org/1249681,https://gist.github.com/mbostock/1249681/raw/thumbnail.png
http://bl.ocks.org/1256572,https://gist.github.com/mbostock/1256572/raw/thumbnail.png
http://bl.ocks.org/1276463,https://gist.github.com/mbostock/1276463/raw/thumbnail.png
http://bl.ocks.org/1283663,https://gist.github.com/mbostock/1283663/raw/thumbnail.png
http://bl.ocks.org/1300016,https://gist.github.com/mbostock/1300016/raw/thumbnail.png
http://bl.ocks.org/1305111,https://gist.github.com/mbostock/1305111/raw/thumbnail.png
http://bl.ocks.org/1305337,https://gist.github.com/mbostock/1305337/raw/thumbnail.png
http://bl.ocks.org/1306365,https://gist.github.com/mbostock/1306365/raw/thumbnail.png
http://bl.ocks.org/1308257,https://gist.github.com/mbostock/1308257/raw/thumbnail.png
http://bl.ocks.org/1313857,https://gist.github.com/mbostock/1313857/raw/thumbnail.png
http://bl.ocks.org/1322814,https://gist.github.com/mbostock/1322814/raw/thumbnail.png
http://bl.ocks.org/1322907,https://gist.github.com/mbostock/1322907/raw/thumbnail.png
http://bl.ocks.org/1322948,https://gist.github.com/mbostock/1322948/raw/thumbnail.png
http://bl.ocks.org/1323729,https://gist.github.com/mbostock/1323729/raw/thumbnail.png
http://bl.ocks.org/1341021,https://gist.github.com/mbostock/1341021/raw/thumbnail.png
http://bl.ocks.org/1341679,https://gist.github.com/mbostock/1341679/raw/thumbnail.png
http://bl.ocks.org/1342359,https://gist.github.com/mbostock/1342359/raw/thumbnail.png
http://bl.ocks.org/1345853,https://gist.github.com/mbostock/1345853/raw/thumbnail.png
http://bl.ocks.org/1346395,https://gist.github.com/mbostock/1346395/raw/thumbnail.png
http://bl.ocks.org/1346410,https://gist.github.com/mbostock/1346410/raw/thumbnail.png
http://bl.ocks.org/1353700,https://gist.github.com/mbostock/1353700/raw/thumbnail.png
http://bl.ocks.org/1367999,https://gist.github.com/mbostock/1367999/raw/thumbnail.png
http://bl.ocks.org/1371412,https://gist.github.com/mbostock/1371412/raw/thumbnail.png
http://bl.ocks.org/1386444,https://gist.github.com/mbostock/1386444/raw/thumbnail.png
http://bl.ocks.org/1389927,https://gist.github.com/mbostock/1389927/raw/thumbnail.png
http://bl.ocks.org/1399097,https://gist.github.com/mbostock/1399097/raw/thumbnail.png
http://bl.ocks.org/1424037,https://gist.github.com/mbostock/1424037/raw/thumbnail.png
http://bl.ocks.org/1440766,https://gist.github.com/mbostock/1440766/raw/thumbnail.png
http://bl.ocks.org/1468715,https://gist.github.com/mbostock/1468715/raw/thumbnail.png
http://bl.ocks.org/1479319,https://gist.github.com/mbostock/1479319/raw/thumbnail.png
http://bl.ocks.org/1483226,https://gist.github.com/mbostock/1483226/raw/thumbnail.png
http://bl.ocks.org/1541816,https://gist.github.com/mbostock/1541816/raw/thumbnail.png
http://bl.ocks.org/1557377,https://gist.github.com/mbostock/1557377/raw/thumbnail.png
http://bl.ocks.org/1558011,https://gist.github.com/mbostock/1558011/raw/thumbnail.png
http://bl.ocks.org/1579132,https://gist.github.com/mbostock/1579132/raw/thumbnail.png
http://bl.ocks.org/1582075,https://gist.github.com/mbostock/1582075/raw/thumbnail.png
http://bl.ocks.org/1584697,https://gist.github.com/mbostock/1584697/raw/thumbnail.png
http://bl.ocks.org/1616423,https://gist.github.com/mbostock/1616423/raw/thumbnail.png
http://bl.ocks.org/1624656,https://gist.github.com/mbostock/1624656/raw/thumbnail.png
http://bl.ocks.org/1624660,https://gist.github.com/mbostock/1624660/raw/thumbnail.png
http://bl.ocks.org/1627378,https://gist.github.com/mbostock/1627378/raw/thumbnail.png
http://bl.ocks.org/1627439,https://gist.github.com/mbostock/1627439/raw/thumbnail.png
http://bl.ocks.org/1628131,https://gist.github.com/mbostock/1628131/raw/thumbnail.png
http://bl.ocks.org/1642874,https://gist.github.com/mbostock/1642874/raw/thumbnail.png
http://bl.ocks.org/1642989,https://gist.github.com/mbostock/1642989/raw/thumbnail.png
http://bl.ocks.org/1643051,https://gist.github.com/mbostock/1643051/raw/thumbnail.png
http://bl.ocks.org/1648635,https://gist.github.com/mbostock/1648635/raw/thumbnail.png
http://bl.ocks.org/1649463,https://gist.github.com/mbostock/1649463/raw/thumbnail.png
http://bl.ocks.org/1667139,https://gist.github.com/mbostock/1667139/raw/thumbnail.png
http://bl.ocks.org/1667367,https://gist.github.com/mbostock/1667367/raw/thumbnail.png
http://bl.ocks.org/1696080,https://gist.github.com/mbostock/1696080/raw/thumbnail.png
http://bl.ocks.org/1696372,https://gist.github.com/mbostock/1696372/raw/thumbnail.png
http://bl.ocks.org/1705868,https://gist.github.com/mbostock/1705868/raw/thumbnail.png
http://bl.ocks.org/1747543,https://gist.github.com/mbostock/1747543/raw/thumbnail.png
http://bl.ocks.org/1748247,https://gist.github.com/mbostock/1748247/raw/thumbnail.png
http://bl.ocks.org/1771630,https://gist.github.com/mbostock/1771630/raw/thumbnail.png
http://bl.ocks.org/1804889,https://gist.github.com/mbostock/1804889/raw/thumbnail.png
http://bl.ocks.org/1804919,https://gist.github.com/mbostock/1804919/raw/thumbnail.png
http://bl.ocks.org/1846692,https://gist.github.com/mbostock/1846692/raw/thumbnail.png
http://bl.ocks.org/1849162,https://gist.github.com/mbostock/1849162/raw/thumbnail.png
http://bl.ocks.org/1854471,https://gist.github.com/mbostock/1854471/raw/thumbnail.png
http://bl.ocks.org/1865422,https://gist.github.com/mbostock/1865422/raw/thumbnail.png
http://bl.ocks.org/1893974,https://gist.github.com/mbostock/1893974/raw/thumbnail.png
http://bl.ocks.org/1933560,https://gist.github.com/mbostock/1933560/raw/thumbnail.png
http://bl.ocks.org/2066415,https://gist.github.com/mbostock/2066415/raw/thumbnail.png
http://bl.ocks.org/2066421,https://gist.github.com/mbostock/2066421/raw/thumbnail.png
http://bl.ocks.org/2206340,https://gist.github.com/mbostock/2206340/raw/thumbnail.png
http://bl.ocks.org/2206489,https://gist.github.com/mbostock/2206489/raw/thumbnail.png
http://bl.ocks.org/2206529,https://gist.github.com/mbostock/2206529/raw/thumbnail.png
http://bl.ocks.org/2206590,https://gist.github.com/mbostock/2206590/raw/thumbnail.png
http://bl.ocks.org/2368837,https://gist.github.com/mbostock/2368837/raw/thumbnail.png
http://bl.ocks.org/2374239,https://gist.github.com/mbostock/2374239/raw/thumbnail.png
http://bl.ocks.org/d/2429963,https://gist.github.com/mbostock/2429963/raw/thumbnail.png
http://bl.ocks.org/2565344,https://gist.github.com/mbostock/2565344/raw/thumbnail.png
http://bl.ocks.org/2647922,https://gist.github.com/mbostock/2647922/raw/thumbnail.png
http://bl.ocks.org/2647924,https://gist.github.com/mbostock/2647924/raw/thumbnail.png
http://bl.ocks.org/2706022,https://gist.github.com/mbostock/2706022/raw/thumbnail.png
http://bl.ocks.org/2839676,https://gist.github.com/mbostock/2839676/raw/thumbnail.png
http://bl.ocks.org/2846454,https://gist.github.com/mbostock/2846454/raw/thumbnail.png
http://bl.ocks.org/2869760,https://gist.github.com/mbostock/2869760/raw/thumbnail.png
http://bl.ocks.org/2869871,https://gist.github.com/mbostock/2869871/raw/thumbnail.png
http://bl.ocks.org/2869946,https://gist.github.com/mbostock/2869946/raw/thumbnail.png
http://bl.ocks.org/2870030,https://gist.github.com/mbostock/2870030/raw/thumbnail.png
http://bl.ocks.org/2932721,https://gist.github.com/mbostock/2932721/raw/thumbnail.png
http://bl.ocks.org/2941604,https://gist.github.com/mbostock/2941604/raw/thumbnail.png
http://bl.ocks.org/2949937,https://gist.github.com/mbostock/2949937/raw/thumbnail.png
http://bl.ocks.org/2949981,https://gist.github.com/mbostock/2949981/raw/thumbnail.png
http://bl.ocks.org/2962761,https://gist.github.com/mbostock/2962761/raw/thumbnail.png
http://bl.ocks.org/2962888,https://gist.github.com/mbostock/2962888/raw/thumbnail.png
http://bl.ocks.org/2966094,https://gist.github.com/mbostock/2966094/raw/thumbnail.png
http://bl.ocks.org/2974930,https://gist.github.com/mbostock/2974930/raw/thumbnail.png
http://bl.ocks.org/2983699,https://gist.github.com/mbostock/2983699/raw/thumbnail.png
http://bl.ocks.org/2996766,https://gist.github.com/mbostock/2996766/raw/thumbnail.png
http://bl.ocks.org/2996785,https://gist.github.com/mbostock/2996785/raw/thumbnail.png
http://bl.ocks.org/3007180,https://gist.github.com/mbostock/3007180/raw/thumbnail.png
http://bl.ocks.org/3014589,https://gist.github.com/mbostock/3014589/raw/thumbnail.png
http://bl.ocks.org/3019563,https://gist.github.com/mbostock/3019563/raw/thumbnail.png
http://bl.ocks.org/3020685,https://gist.github.com/mbostock/3020685/raw/thumbnail.png
http://bl.ocks.org/3021474,https://gist.github.com/mbostock/3021474/raw/thumbnail.png
http://bl.ocks.org/3025699,https://gist.github.com/mbostock/3025699/raw/thumbnail.png
http://bl.ocks.org/3031319,https://gist.github.com/mbostock/3031319/raw/thumbnail.png
http://bl.ocks.org/3035090,https://gist.github.com/mbostock/3035090/raw/thumbnail.png
http://bl.ocks.org/3037015,https://gist.github.com/mbostock/3037015/raw/thumbnail.png
http://bl.ocks.org/3048166,https://gist.github.com/mbostock/3048166/raw/thumbnail.png
http://bl.ocks.org/3048450,https://gist.github.com/mbostock/3048450/raw/thumbnail.png
http://bl.ocks.org/3048740,https://gist.github.com/mbostock/3048740/raw/thumbnail.png
http://bl.ocks.org/3055104,https://gist.github.com/mbostock/3055104/raw/thumbnail.png
http://bl.ocks.org/3057239,https://gist.github.com/mbostock/3057239/raw/thumbnail.png
http://bl.ocks.org/3058685,https://gist.github.com/mbostock/3058685/raw/thumbnail.png
http://bl.ocks.org/3061181,https://gist.github.com/mbostock/3061181/raw/thumbnail.png
http://bl.ocks.org/3074470,https://gist.github.com/mbostock/3074470/raw/thumbnail.png
http://bl.ocks.org/3081153,https://gist.github.com/mbostock/3081153/raw/thumbnail.png
http://bl.ocks.org/3087986,https://gist.github.com/mbostock/3087986/raw/thumbnail.png
http://bl.ocks.org/3094619,https://gist.github.com/mbostock/3094619/raw/thumbnail.png
http://bl.ocks.org/3145795,https://gist.github.com/mbostock/3145795/raw/thumbnail.png
http://bl.ocks.org/3151228,https://gist.github.com/mbostock/3151228/raw/thumbnail.png
http://bl.ocks.org/3151318,https://gist.github.com/mbostock/3151318/raw/thumbnail.png
http://bl.ocks.org/3173784,https://gist.github.com/mbostock/3173784/raw/thumbnail.png
http://bl.ocks.org/3180395,https://gist.github.com/mbostock/3180395/raw/thumbnail.png
http://bl.ocks.org/3183403,https://gist.github.com/mbostock/3183403/raw/thumbnail.png
http://bl.ocks.org/3184089,https://gist.github.com/mbostock/3184089/raw/thumbnail.png
http://bl.ocks.org/3194190,https://gist.github.com/mbostock/3194190/raw/thumbnail.png
http://bl.ocks.org/3201606,https://gist.github.com/mbostock/3201606/raw/thumbnail.png
http://bl.ocks.org/3202354,https://gist.github.com/mbostock/3202354/raw/thumbnail.png
http://bl.ocks.org/3212294,https://gist.github.com/mbostock/3212294/raw/thumbnail.png
http://bl.ocks.org/3213173,https://gist.github.com/mbostock/3213173/raw/thumbnail.png
http://bl.ocks.org/3231298,https://gist.github.com/mbostock/3231298/raw/thumbnail.png
http://bl.ocks.org/3231307,https://gist.github.com/mbostock/3231307/raw/thumbnail.png
http://bl.ocks.org/3244058,https://gist.github.com/mbostock/3244058/raw/thumbnail.png
http://bl.ocks.org/3258821,https://gist.github.com/mbostock/3258821/raw/thumbnail.png
http://bl.ocks.org/3259783,https://gist.github.com/mbostock/3259783/raw/thumbnail.png
http://bl.ocks.org/3289530,https://gist.github.com/mbostock/3289530/raw/thumbnail.png
http://bl.ocks.org/3290752,https://gist.github.com/mbostock/3290752/raw/thumbnail.png
http://bl.ocks.org/3305515,https://gist.github.com/mbostock/3305515/raw/thumbnail.png
http://bl.ocks.org/3305854,https://gist.github.com/mbostock/3305854/raw/thumbnail.png
http://bl.ocks.org/3305937,https://gist.github.com/mbostock/3305937/raw/thumbnail.png
http://bl.ocks.org/3306147,https://gist.github.com/mbostock/3306147/raw/thumbnail.png
http://bl.ocks.org/3306234,https://gist.github.com/mbostock/3306234/raw/thumbnail.png
http://bl.ocks.org/3306362,https://gist.github.com/mbostock/3306362/raw/thumbnail.png
http://bl.ocks.org/3310187,https://gist.github.com/mbostock/3310187/raw/thumbnail.png
http://bl.ocks.org/3310233,https://gist.github.com/mbostock/3310233/raw/thumbnail.png
http://bl.ocks.org/3310323,https://gist.github.com/mbostock/3310323/raw/thumbnail.png
http://bl.ocks.org/3310560,https://gist.github.com/mbostock/3310560/raw/thumbnail.png
http://bl.ocks.org/3311124,https://gist.github.com/mbostock/3311124/raw/thumbnail.png
http://bl.ocks.org/3315291,https://gist.github.com/mbostock/3315291/raw/thumbnail.png
http://bl.ocks.org/3315318,https://gist.github.com/mbostock/3315318/raw/thumbnail.png
http://bl.ocks.org/3355967,https://gist.github.com/mbostock/3355967/raw/thumbnail.png
http://bl.ocks.org/3371592,https://gist.github.com/mbostock/3371592/raw/thumbnail.png
http://bl.ocks.org/3422480,https://gist.github.com/mbostock/3422480/raw/thumbnail.png
http://bl.ocks.org/3468167,https://gist.github.com/mbostock/3468167/raw/thumbnail.png
http://bl.ocks.org/3664045,https://gist.github.com/mbostock/3664045/raw/thumbnail.png
http://bl.ocks.org/3664049,https://gist.github.com/mbostock/3664049/raw/thumbnail.png
http://bl.ocks.org/3680957,https://gist.github.com/mbostock/3680957/raw/thumbnail.png
http://bl.ocks.org/3680958,https://gist.github.com/mbostock/3680958/raw/thumbnail.png
http://bl.ocks.org/3680999,https://gist.github.com/mbostock/3680999/raw/thumbnail.png
http://bl.ocks.org/3681006,https://gist.github.com/mbostock/3681006/raw/thumbnail.png
http://bl.ocks.org/3682676,https://gist.github.com/mbostock/3682676/raw/thumbnail.png
http://bl.ocks.org/3682698,https://gist.github.com/mbostock/3682698/raw/thumbnail.png
http://bl.ocks.org/3709000,https://gist.github.com/mbostock/3709000/raw/thumbnail.png
http://bl.ocks.org/3710082,https://gist.github.com/mbostock/3710082/raw/thumbnail.png
http://bl.ocks.org/3710148,https://gist.github.com/mbostock/3710148/raw/thumbnail.png
http://bl.ocks.org/3710566,https://gist.github.com/mbostock/3710566/raw/thumbnail.png
http://bl.ocks.org/3711652,https://gist.github.com/mbostock/3711652/raw/thumbnail.png
http://bl.ocks.org/3712397,https://gist.github.com/mbostock/3712397/raw/thumbnail.png
http://bl.ocks.org/3712399,https://gist.github.com/mbostock/3712399/raw/thumbnail.png
http://bl.ocks.org/3712408,https://gist.github.com/mbostock/3712408/raw/thumbnail.png
http://bl.ocks.org/3719042,https://gist.github.com/mbostock/3719042/raw/thumbnail.png
http://bl.ocks.org/3719724,https://gist.github.com/mbostock/3719724/raw/thumbnail.png
http://bl.ocks.org/3734168,https://gist.github.com/mbostock/3734168/raw/thumbnail.png
http://bl.ocks.org/3734273,https://gist.github.com/mbostock/3734273/raw/thumbnail.png
http://bl.ocks.org/3734308,https://gist.github.com/mbostock/3734308/raw/thumbnail.png
http://bl.ocks.org/3734313,https://gist.github.com/mbostock/3734313/raw/thumbnail.png
http://bl.ocks.org/3734316,https://gist.github.com/mbostock/3734316/raw/thumbnail.png
http://bl.ocks.org/3734317,https://gist.github.com/mbostock/3734317/raw/thumbnail.png
http://bl.ocks.org/3734321,https://gist.github.com/mbostock/3734321/raw/thumbnail.png
http://bl.ocks.org/3734322,https://gist.github.com/mbostock/3734322/raw/thumbnail.png
http://bl.ocks.org/3734324,https://gist.github.com/mbostock/3734324/raw/thumbnail.png
http://bl.ocks.org/3734325,https://gist.github.com/mbostock/3734325/raw/thumbnail.png
http://bl.ocks.org/3734327,https://gist.github.com/mbostock/3734327/raw/thumbnail.png
http://bl.ocks.org/3734328,https://gist.github.com/mbostock/3734328/raw/thumbnail.png
http://bl.ocks.org/3734329,https://gist.github.com/mbostock/3734329/raw/thumbnail.png
http://bl.ocks.org/3734330,https://gist.github.com/mbostock/3734330/raw/thumbnail.png
http://bl.ocks.org/3734333,https://gist.github.com/mbostock/3734333/raw/thumbnail.png
http://bl.ocks.org/3734336,https://gist.github.com/mbostock/3734336/raw/thumbnail.png
http://bl.ocks.org/3734342,https://gist.github.com/mbostock/3734342/raw/thumbnail.png
http://bl.ocks.org/3734343,https://gist.github.com/mbostock/3734343/raw/thumbnail.png
http://bl.ocks.org/3750558,https://gist.github.com/mbostock/3750558/raw/thumbnail.png
http://bl.ocks.org/3750941,https://gist.github.com/mbostock/3750941/raw/thumbnail.png
http://bl.ocks.org/3757101,https://gist.github.com/mbostock/3757101/raw/thumbnail.png
http://bl.ocks.org/3757110,https://gist.github.com/mbostock/3757110/raw/thumbnail.png
http://bl.ocks.org/3757119,https://gist.github.com/mbostock/3757119/raw/thumbnail.png
http://bl.ocks.org/3757125,https://gist.github.com/mbostock/3757125/raw/thumbnail.png
http://bl.ocks.org/3757132,https://gist.github.com/mbostock/3757132/raw/thumbnail.png
http://bl.ocks.org/3757137,https://gist.github.com/mbostock/3757137/raw/thumbnail.png
http://bl.ocks.org/3757349,https://gist.github.com/mbostock/3757349/raw/thumbnail.png
http://bl.ocks.org/3763057,https://gist.github.com/mbostock/3763057/raw/thumbnail.png
http://bl.ocks.org/3763867,https://gist.github.com/mbostock/3763867/raw/thumbnail.png
http://bl.ocks.org/3783604,https://gist.github.com/mbostock/3783604/raw/thumbnail.png
http://bl.ocks.org/3788999,https://gist.github.com/mbostock/3788999/raw/thumbnail.png
http://bl.ocks.org/3790085,https://gist.github.com/mbostock/3790085/raw/thumbnail.png
http://bl.ocks.org/3790444,https://gist.github.com/mbostock/3790444/raw/thumbnail.png
http://bl.ocks.org/3791255,https://gist.github.com/mbostock/3791255/raw/thumbnail.png
http://bl.ocks.org/3795040,https://gist.github.com/mbostock/3795040/raw/thumbnail.png
http://bl.ocks.org/3795048,https://gist.github.com/mbostock/3795048/raw/thumbnail.png
http://bl.ocks.org/3795544,https://gist.github.com/mbostock/3795544/raw/thumbnail.png
http://bl.ocks.org/3796831,https://gist.github.com/mbostock/3796831/raw/thumbnail.png
http://bl.ocks.org/3797581,https://gist.github.com/mbostock/3797581/raw/thumbnail.png
http://bl.ocks.org/3797585,https://gist.github.com/mbostock/3797585/raw/thumbnail.png
http://bl.ocks.org/3797591,https://gist.github.com/mbostock/3797591/raw/thumbnail.png
http://bl.ocks.org/3808218,https://gist.github.com/mbostock/3808218/raw/thumbnail.png
http://bl.ocks.org/3808221,https://gist.github.com/mbostock/3808221/raw/thumbnail.png
http://bl.ocks.org/3808234,https://gist.github.com/mbostock/3808234/raw/thumbnail.png
http://bl.ocks.org/3828981,https://gist.github.com/mbostock/3828981/raw/thumbnail.png
http://bl.ocks.org/3846051,https://gist.github.com/mbostock/3846051/raw/thumbnail.png
http://bl.ocks.org/3853405,https://gist.github.com/mbostock/3853405/raw/thumbnail.png
http://bl.ocks.org/3854614,https://gist.github.com/mbostock/3854614/raw/thumbnail.png
http://bl.ocks.org/3867220,https://gist.github.com/mbostock/3867220/raw/thumbnail.png
http://bl.ocks.org/3883195,https://gist.github.com/mbostock/3883195/raw/thumbnail.png
http://bl.ocks.org/3883245,https://gist.github.com/mbostock/3883245/raw/thumbnail.png
http://bl.ocks.org/3884914,https://gist.github.com/mbostock/3884914/raw/thumbnail.png
http://bl.ocks.org/3884955,https://gist.github.com/mbostock/3884955/raw/thumbnail.png
http://bl.ocks.org/3885211,https://gist.github.com/mbostock/3885211/raw/thumbnail.png
http://bl.ocks.org/3885304,https://gist.github.com/mbostock/3885304/raw/thumbnail.png
http://bl.ocks.org/3885705,https://gist.github.com/mbostock/3885705/raw/thumbnail.png
http://bl.ocks.org/3886208,https://gist.github.com/mbostock/3886208/raw/thumbnail.png
http://bl.ocks.org/3886394,https://gist.github.com/mbostock/3886394/raw/thumbnail.png
http://bl.ocks.org/3887051,https://gist.github.com/mbostock/3887051/raw/thumbnail.png
http://bl.ocks.org/3887118,https://gist.github.com/mbostock/3887118/raw/thumbnail.png
http://bl.ocks.org/3887193,https://gist.github.com/mbostock/3887193/raw/thumbnail.png
http://bl.ocks.org/3887235,https://gist.github.com/mbostock/3887235/raw/thumbnail.png
http://bl.ocks.org/3888852,https://gist.github.com/mbostock/3888852/raw/thumbnail.png
http://bl.ocks.org/3892919,https://gist.github.com/mbostock/3892919/raw/thumbnail.png
http://bl.ocks.org/3892928,https://gist.github.com/mbostock/3892928/raw/thumbnail.png
http://bl.ocks.org/3894205,https://gist.github.com/mbostock/3894205/raw/thumbnail.png
http://bl.ocks.org/3900925,https://gist.github.com/mbostock/3900925/raw/thumbnail.png
http://bl.ocks.org/3902569,https://gist.github.com/mbostock/3902569/raw/thumbnail.png
http://bl.ocks.org/3903818,https://gist.github.com/mbostock/3903818/raw/thumbnail.png
http://bl.ocks.org/3916621,https://gist.github.com/mbostock/3916621/raw/thumbnail.png
http://bl.ocks.org/3943967,https://gist.github.com/mbostock/3943967/raw/thumbnail.png
http://bl.ocks.org/3946824,https://gist.github.com/mbostock/3946824/raw/thumbnail.png
http://bl.ocks.org/3960741,https://gist.github.com/mbostock/3960741/raw/thumbnail.png
http://bl.ocks.org/3962108,https://gist.github.com/mbostock/3962108/raw/thumbnail.png
http://bl.ocks.org/3969722,https://gist.github.com/mbostock/3969722/raw/thumbnail.png
http://bl.ocks.org/3970883,https://gist.github.com/mbostock/3970883/raw/thumbnail.png
http://bl.ocks.org/4015254,https://gist.github.com/mbostock/4015254/raw/thumbnail.png
http://bl.ocks.org/4055889,https://gist.github.com/mbostock/4055889/raw/thumbnail.png
http://bl.ocks.org/4055892,https://gist.github.com/mbostock/4055892/raw/thumbnail.png
http://bl.ocks.org/4060366,https://gist.github.com/mbostock/4060366/raw/thumbnail.png
http://bl.ocks.org/4060606,https://gist.github.com/mbostock/4060606/raw/thumbnail.png
http://bl.ocks.org/4060954,https://gist.github.com/mbostock/4060954/raw/thumbnail.png
http://bl.ocks.org/4061961,https://gist.github.com/mbostock/4061961/raw/thumbnail.png
http://bl.ocks.org/4062006,https://gist.github.com/mbostock/4062006/raw/thumbnail.png
http://bl.ocks.org/4062045,https://gist.github.com/mbostock/4062045/raw/thumbnail.png
http://bl.ocks.org/4062085,https://gist.github.com/mbostock/4062085/raw/thumbnail.png
http://bl.ocks.org/4062844,https://gist.github.com/mbostock/4062844/raw/thumbnail.png
http://bl.ocks.org/4062919,https://gist.github.com/mbostock/4062919/raw/thumbnail.png
http://bl.ocks.org/4063269,https://gist.github.com/mbostock/4063269/raw/thumbnail.png
http://bl.ocks.org/4063318,https://gist.github.com/mbostock/4063318/raw/thumbnail.png
http://bl.ocks.org/4063423,https://gist.github.com/mbostock/4063423/raw/thumbnail.png
http://bl.ocks.org/4063530,https://gist.github.com/mbostock/4063530/raw/thumbnail.png
http://bl.ocks.org/4063550,https://gist.github.com/mbostock/4063550/raw/thumbnail.png
http://bl.ocks.org/4063570,https://gist.github.com/mbostock/4063570/raw/thumbnail.png
http://bl.ocks.org/4063582,https://gist.github.com/mbostock/4063582/raw/thumbnail.png
http://bl.ocks.org/4063663,https://gist.github.com/mbostock/4063663/raw/thumbnail.png
http://bl.ocks.org/4090848,https://gist.github.com/mbostock/4090848/raw/thumbnail.png
http://bl.ocks.org/4090870,https://gist.github.com/mbostock/4090870/raw/thumbnail.png
http://bl.ocks.org/4108203,https://gist.github.com/mbostock/4108203/raw/thumbnail.png
http://bl.ocks.org/4122298,https://gist.github.com/mbostock/4122298/raw/thumbnail.png
http://bl.ocks.org/4132797,https://gist.github.com/mbostock/4132797/raw/thumbnail.png
http://bl.ocks.org/4134057,https://gist.github.com/mbostock/4134057/raw/thumbnail.png
http://bl.ocks.org/4136647,https://gist.github.com/mbostock/4136647/raw/thumbnail.png
http://bl.ocks.org/4149176,https://gist.github.com/mbostock/4149176/raw/thumbnail.png
http://bl.ocks.org/4150951,https://gist.github.com/mbostock/4150951/raw/thumbnail.png
http://bl.ocks.org/4163057,https://gist.github.com/mbostock/4163057/raw/thumbnail.png
http://bl.ocks.org/4165404,https://gist.github.com/mbostock/4165404/raw/thumbnail.png
http://bl.ocks.org/4180634,https://gist.github.com/mbostock/4180634/raw/thumbnail.png
http://bl.ocks.org/4183330,https://gist.github.com/mbostock/4183330/raw/thumbnail.png
http://bl.ocks.org/4198499,https://gist.github.com/mbostock/4198499/raw/thumbnail.png
http://bl.ocks.org/4206573,https://gist.github.com/mbostock/4206573/raw/thumbnail.png
http://bl.ocks.org/4206810,https://gist.github.com/mbostock/4206810/raw/thumbnail.png
http://bl.ocks.org/4206857,https://gist.github.com/mbostock/4206857/raw/thumbnail.png
http://bl.ocks.org/4206975,https://gist.github.com/mbostock/4206975/raw/thumbnail.png
http://bl.ocks.org/4207744,https://gist.github.com/mbostock/4207744/raw/thumbnail.png
http://bl.ocks.org/4218871,https://gist.github.com/mbostock/4218871/raw/thumbnail.png
http://bl.ocks.org/4237768,https://gist.github.com/mbostock/4237768/raw/thumbnail.png
http://bl.ocks.org/4241134,https://gist.github.com/mbostock/4241134/raw/thumbnail.png
http://bl.ocks.org/4248145,https://gist.github.com/mbostock/4248145/raw/thumbnail.png
http://bl.ocks.org/4248146,https://gist.github.com/mbostock/4248146/raw/thumbnail.png
http://bl.ocks.org/4254963,https://gist.github.com/mbostock/4254963/raw/thumbnail.png
http://bl.ocks.org/4281513,https://gist.github.com/mbostock/4281513/raw/thumbnail.png
http://bl.ocks.org/4282586,https://gist.github.com/mbostock/4282586/raw/thumbnail.png
http://bl.ocks.org/4310087,https://gist.github.com/mbostock/4310087/raw/thumbnail.png
http://bl.ocks.org/4319903,https://gist.github.com/mbostock/4319903/raw/thumbnail.png
http://bl.ocks.org/4323929,https://gist.github.com/mbostock/4323929/raw/thumbnail.png
http://bl.ocks.org/4329423,https://gist.github.com/mbostock/4329423/raw/thumbnail.png
http://bl.ocks.org/4330486,https://gist.github.com/mbostock/4330486/raw/thumbnail.png
http://bl.ocks.org/4339083,https://gist.github.com/mbostock/4339083/raw/thumbnail.png
http://bl.ocks.org/4339184,https://gist.github.com/mbostock/4339184/raw/thumbnail.png
http://bl.ocks.org/4339607,https://gist.github.com/mbostock/4339607/raw/thumbnail.png
http://bl.ocks.org/4341134,https://gist.github.com/mbostock/4341134/raw/thumbnail.png
http://bl.ocks.org/4341156,https://gist.github.com/mbostock/4341156/raw/thumbnail.png
http://bl.ocks.org/4341417,https://gist.github.com/mbostock/4341417/raw/thumbnail.png
http://bl.ocks.org/4341574,https://gist.github.com/mbostock/4341574/raw/thumbnail.png
http://bl.ocks.org/4341699,https://gist.github.com/mbostock/4341699/raw/thumbnail.png
http://bl.ocks.org/4341954,https://gist.github.com/mbostock/4341954/raw/thumbnail.png
http://bl.ocks.org/4342045,https://gist.github.com/mbostock/4342045/raw/thumbnail.png
http://bl.ocks.org/4342190,https://gist.github.com/mbostock/4342190/raw/thumbnail.png
http://bl.ocks.org/4343153,https://gist.github.com/mbostock/4343153/raw/thumbnail.png
http://bl.ocks.org/4343214,https://gist.github.com/mbostock/4343214/raw/thumbnail.png
http://bl.ocks.org/4347473,https://gist.github.com/mbostock/4347473/raw/thumbnail.png
http://bl.ocks.org/4348373,https://gist.github.com/mbostock/4348373/raw/thumbnail.png
http://bl.ocks.org/4349187,https://gist.github.com/mbostock/4349187/raw/thumbnail.png
http://bl.ocks.org/4349486,https://gist.github.com/mbostock/4349486/raw/thumbnail.png
http://bl.ocks.org/4349509,https://gist.github.com/mbostock/4349509/raw/thumbnail.png
http://bl.ocks.org/4349545,https://gist.github.com/mbostock/4349545/raw/thumbnail.png
http://bl.ocks.org/4360892,https://gist.github.com/mbostock/4360892/raw/thumbnail.png
http://bl.ocks.org/4362031,https://gist.github.com/mbostock/4362031/raw/thumbnail.png
http://bl.ocks.org/4364903,https://gist.github.com/mbostock/4364903/raw/thumbnail.png
http://bl.ocks.org/4403522,https://gist.github.com/mbostock/4403522/raw/thumbnail.png
http://bl.ocks.org/4408297,https://gist.github.com/mbostock/4408297/raw/thumbnail.png
http://bl.ocks.org/4425979,https://gist.github.com/mbostock/4425979/raw/thumbnail.png
http://bl.ocks.org/4431123,https://gist.github.com/mbostock/4431123/raw/thumbnail.png
http://bl.ocks.org/4436875,https://gist.github.com/mbostock/4436875/raw/thumbnail.png
http://bl.ocks.org/4448587,https://gist.github.com/mbostock/4448587/raw/thumbnail.png
http://bl.ocks.org/4458497,https://gist.github.com/mbostock/4458497/raw/thumbnail.png
http://bl.ocks.org/4458680,https://gist.github.com/mbostock/4458680/raw/thumbnail.png
http://bl.ocks.org/4458991,https://gist.github.com/mbostock/4458991/raw/thumbnail.png
http://bl.ocks.org/4459071,https://gist.github.com/mbostock/4459071/raw/thumbnail.png
http://bl.ocks.org/4459130,https://gist.github.com/mbostock/4459130/raw/thumbnail.png
http://bl.ocks.org/4459466,https://gist.github.com/mbostock/4459466/raw/thumbnail.png
http://bl.ocks.org/4459716,https://gist.github.com/mbostock/4459716/raw/thumbnail.png
http://bl.ocks.org/4463049,https://gist.github.com/mbostock/4463049/raw/thumbnail.png
http://bl.ocks.org/4463127,https://gist.github.com/mbostock/4463127/raw/thumbnail.png
http://bl.ocks.org/4463155,https://gist.github.com/mbostock/4463155/raw/thumbnail.png
http://bl.ocks.org/4463175,https://gist.github.com/mbostock/4463175/raw/thumbnail.png
http://bl.ocks.org/4463237,https://gist.github.com/mbostock/4463237/raw/thumbnail.png
http://bl.ocks.org/4465109,https://gist.github.com/mbostock/4465109/raw/thumbnail.png
http://bl.ocks.org/4465118,https://gist.github.com/mbostock/4465118/raw/thumbnail.png
http://bl.ocks.org/4465130,https://gist.github.com/mbostock/4465130/raw/thumbnail.png
http://bl.ocks.org/4465137,https://gist.github.com/mbostock/4465137/raw/thumbnail.png
http://bl.ocks.org/4465140,https://gist.github.com/mbostock/4465140/raw/thumbnail.png
http://bl.ocks.org/4476279,https://gist.github.com/mbostock/4476279/raw/thumbnail.png
http://bl.ocks.org/4476487,https://gist.github.com/mbostock/4476487/raw/thumbnail.png
http://bl.ocks.org/4476496,https://gist.github.com/mbostock/4476496/raw/thumbnail.png
http://bl.ocks.org/4479477,https://gist.github.com/mbostock/4479477/raw/thumbnail.png
http://bl.ocks.org/4479513,https://gist.github.com/mbostock/4479513/raw/thumbnail.png
http://bl.ocks.org/4479547,https://gist.github.com/mbostock/4479547/raw/thumbnail.png
http://bl.ocks.org/4481220,https://gist.github.com/mbostock/4481220/raw/thumbnail.png
http://bl.ocks.org/4481265,https://gist.github.com/mbostock/4481265/raw/thumbnail.png
http://bl.ocks.org/4481520,https://gist.github.com/mbostock/4481520/raw/thumbnail.png
http://bl.ocks.org/4487674,https://gist.github.com/mbostock/4487674/raw/thumbnail.png
http://bl.ocks.org/4487695,https://gist.github.com/mbostock/4487695/raw/thumbnail.png
http://bl.ocks.org/4489342,https://gist.github.com/mbostock/4489342/raw/thumbnail.png
http://bl.ocks.org/4489365,https://gist.github.com/mbostock/4489365/raw/thumbnail.png
http://bl.ocks.org/4496212,https://gist.github.com/mbostock/4496212/raw/thumbnail.png
http://bl.ocks.org/4498187,https://gist.github.com/mbostock/4498187/raw/thumbnail.png
http://bl.ocks.org/4498292,https://gist.github.com/mbostock/4498292/raw/thumbnail.png
http://bl.ocks.org/4503672,https://gist.github.com/mbostock/4503672/raw/thumbnail.png
http://bl.ocks.org/4519926,https://gist.github.com/mbostock/4519926/raw/thumbnail.png
http://bl.ocks.org/4519975,https://gist.github.com/mbostock/4519975/raw/thumbnail.png
http://bl.ocks.org/4522565,https://gist.github.com/mbostock/4522565/raw/thumbnail.png
http://bl.ocks.org/4525362,https://gist.github.com/mbostock/4525362/raw/thumbnail.png
http://bl.ocks.org/4557698,https://gist.github.com/mbostock/4557698/raw/thumbnail.png
http://bl.ocks.org/4560481,https://gist.github.com/mbostock/4560481/raw/thumbnail.png
http://bl.ocks.org/4565798,https://gist.github.com/mbostock/4565798/raw/thumbnail.png
http://bl.ocks.org/4566102,https://gist.github.com/mbostock/4566102/raw/thumbnail.png
http://bl.ocks.org/4573883,https://gist.github.com/mbostock/4573883/raw/thumbnail.png
http://bl.ocks.org/4583749,https://gist.github.com/mbostock/4583749/raw/thumbnail.png
http://bl.ocks.org/4597134,https://gist.github.com/mbostock/4597134/raw/thumbnail.png
http://bl.ocks.org/4600693,https://gist.github.com/mbostock/4600693/raw/thumbnail.png
http://bl.ocks.org/4613663,https://gist.github.com/mbostock/4613663/raw/thumbnail.png
http://bl.ocks.org/4636377,https://gist.github.com/mbostock/4636377/raw/thumbnail.png
http://bl.ocks.org/4657115,https://gist.github.com/mbostock/4657115/raw/thumbnail.png
http://bl.ocks.org/582915,https://gist.github.com/mbostock/582915/raw/thumbnail.png
http://bl.ocks.org/583229,https://gist.github.com/mbostock/583229/raw/thumbnail.png
http://bl.ocks.org/583734,https://gist.github.com/mbostock/583734/raw/thumbnail.png
http://bl.ocks.org/584742,https://gist.github.com/mbostock/584742/raw/thumbnail.png
http://bl.ocks.org/587424,https://gist.github.com/mbostock/587424/raw/thumbnail.png
http://bl.ocks.org/590163,https://gist.github.com/mbostock/590163/raw/thumbnail.png
http://bl.ocks.org/590744,https://gist.github.com/mbostock/590744/raw/thumbnail.png
http://bl.ocks.org/597287,https://gist.github.com/mbostock/597287/raw/thumbnail.png
http://bl.ocks.org/597292,https://gist.github.com/mbostock/597292/raw/thumbnail.png
http://bl.ocks.org/600164,https://gist.github.com/mbostock/600164/raw/thumbnail.png
http://bl.ocks.org/601639,https://gist.github.com/mbostock/601639/raw/thumbnail.png
http://bl.ocks.org/603148,https://gist.github.com/mbostock/603148/raw/thumbnail.png
http://bl.ocks.org/625531,https://gist.github.com/mbostock/625531/raw/thumbnail.png
http://bl.ocks.org/645734,https://gist.github.com/mbostock/645734/raw/thumbnail.png
http://bl.ocks.org/645758,https://gist.github.com/mbostock/645758/raw/thumbnail.png
http://bl.ocks.org/660054,https://gist.github.com/mbostock/660054/raw/thumbnail.png
http://bl.ocks.org/665906,https://gist.github.com/mbostock/665906/raw/thumbnail.png
http://bl.ocks.org/667245,https://gist.github.com/mbostock/667245/raw/thumbnail.png
http://bl.ocks.org/675512,https://gist.github.com/mbostock/675512/raw/thumbnail.png
http://bl.ocks.org/705856,https://gist.github.com/mbostock/705856/raw/thumbnail.png
http://bl.ocks.org/714554,https://gist.github.com/mbostock/714554/raw/thumbnail.png
http://bl.ocks.org/843177,https://gist.github.com/mbostock/843177/raw/thumbnail.png
http://bl.ocks.org/844752,https://gist.github.com/mbostock/844752/raw/thumbnail.png
http://bl.ocks.org/846688,https://gist.github.com/mbostock/846688/raw/thumbnail.png
http://bl.ocks.org/846704,https://gist.github.com/mbostock/846704/raw/thumbnail.png
http://bl.ocks.org/846710,https://gist.github.com/mbostock/846710/raw/thumbnail.png
http://bl.ocks.org/847677,https://gist.github.com/mbostock/847677/raw/thumbnail.png
http://bl.ocks.org/865396,https://gist.github.com/mbostock/865396/raw/thumbnail.png
http://bl.ocks.org/870118,https://gist.github.com/mbostock/870118/raw/thumbnail.png
http://bl.ocks.org/882152,https://gist.github.com/mbostock/882152/raw/thumbnail.png
http://bl.ocks.org/899649,https://gist.github.com/mbostock/899649/raw/thumbnail.png
http://bl.ocks.org/899670,https://gist.github.com/mbostock/899670/raw/thumbnail.png
http://bl.ocks.org/899711,https://gist.github.com/mbostock/899711/raw/thumbnail.png
http://bl.ocks.org/900050,https://gist.github.com/mbostock/900050/raw/thumbnail.png
http://bl.ocks.org/929623,https://gist.github.com/mbostock/929623/raw/thumbnail.png
http://bl.ocks.org/950642,https://gist.github.com/mbostock/950642/raw/thumbnail.png
http://bl.ocks.org/972398,https://gist.github.com/mbostock/972398/raw/thumbnail.png
http://bl.ocks.org/996370,https://gist.github.com/mbostock/996370/raw/thumbnail.png
http://bl.ocks.org/999346,https://gist.github.com/mbostock/999346/raw/thumbnail.png
http://cakey.github.com/infro/nutrients.html,http://christopheviau.com/d3_thumbs/TinyGrab%20Screen%20Shot%202-11-13%2010.22.45%20PM.png
http://exposedata.com/hypercube/rotate/,http://christopheviau.com/d3_thumbs/TinyGrab%20Screen%20Shot%202-12-13%201.23.32%20PM.png
http://fleetinbeing.net/hypersolid/examples/parcoords.html,http://christopheviau.com/d3_thumbs/TinyGrab%20Screen%20Shot%202-12-13%201.24.35%20PM.png
http://bl.ocks.org/4631136,http://christopheviau.com/d3_thumbs/TinyGrab%20Screen%20Shot%202-12-13%2010.29.53%20PM.png
http://bl.ocks.org/4092944,http://christopheviau.com/d3_thumbs/TinyGrab%20Screen%20Shot%202-12-13%2010.46.20%20PM.png
http://gijs.github.com/blog/2013/02/06/street-extent-visualization-using-d3-dot-js-and-cartodb/,http://christopheviau.com/d3_thumbs/TinyGrab%20Screen%20Shot%202-12-13%2011.45.36%20PM.png
http://skillpedia.herokuapp.com/skills/6,http://christopheviau.com/d3_thumbs/TinyGrab%20Screen%20Shot%202-12-13%209.29.38%20AM.png
http://kbroman.wordpress.com/2013/02/08/interactive-graphics-with-d3-js/,http://christopheviau.com/d3_thumbs/TinyGrab%20Screen%20Shot%202-13-13%2012.01.15%20AM.png
http://graus.nu/blog/force-directed-graphs-playing-around-with-d3-js/,http://christopheviau.com/d3_thumbs/TinyGrab%20Screen%20Shot%202-13-13%2012.08.22%20AM.png
http://bl.ocks.org/4731053,http://christopheviau.com/d3_thumbs/TinyGrab%20Screen%20Shot%202-13-13%2012.13.47%20AM.png
http://bl.ocks.org/4482115,http://christopheviau.com/d3_thumbs/TinyGrab%20Screen%20Shot%202-13-13%2012.18.38%20AM.png
http://thedylanharper.wordpress.com/2013/02/04/2012-nfl-conference-champs/,http://christopheviau.com/d3_thumbs/TinyGrab%20Screen%20Shot%202-13-13%2012.25.23%20AM.png
http://michaelporath.com/projects/manifest-destiny/,http://christopheviau.com/d3_thumbs/TinyGrab%20Screen%20Shot%202-13-13%202.42.34%20PM.png
http://cartography.oregonstate.edu/demos/CompositeMapProjection/,http://christopheviau.com/d3_thumbs/TinyGrab%20Screen%20Shot%202-13-13%203.01.51%20PM.png
http://okfestival.org/hashtag/#visualisation,http://christopheviau.com/d3_thumbs/TinyGrab%20Screen%20Shot%202-13-13%204.17.48%20PM.png
http://bl.ocks.org/3918369,http://christopheviau.com/d3_thumbs/TinyGrab%20Screen%20Shot%202-13-13%209.23.30%20AM.png
http://anna.ps/talks/fel/#/,http://christopheviau.com/d3_thumbs/TinyGrab%20Screen%20Shot%202-13-13%209.33.27%20AM.png
http://bl.ocks.org/4946049,http://christopheviau.com/d3_thumbs/TinyGrab%20Screen%20Shot%202-13-13%209.37.38%20AM.png
http://bl.ocks.org/anonymous/4970328,http://christopheviau.com/d3_thumbs/TinyGrab%20Screen%20Shot%202-17-13%208.03.48%20AM.png
http://www.tikalk.com/javascript/building-uml-editor-javascript-part-3,http://christopheviau.com/d3_thumbs/TinyGrab%20Screen%20Shot%202-18-13%2010.23.02%20AM.png
https://github.com/cpettitt/dagre/,http://christopheviau.com/d3_thumbs/TinyGrab%20Screen%20Shot%202-18-13%206.17.07%20AM.png
http://bl.ocks.org/thor5551/4986745,http://christopheviau.com/d3_thumbs/TinyGrab%20Screen%20Shot%202-19-13%201.34.10%20PM.png
http://enjalot.github.com/dot-append/,http://christopheviau.com/d3_thumbs/TinyGrab%20Screen%20Shot%202-19-13%201.50.25%20PM.png
http://enjalot.github.com/dot-enter/,http://christopheviau.com/d3_thumbs/TinyGrab%20Screen%20Shot%202-19-13%201.51.53%20PM.png
http://blog.guanxin.de/2013/02/easy-infographics-with-d3js.html,http://christopheviau.com/d3_thumbs/TinyGrab%20Screen%20Shot%202-19-13%208.33.05%20AM.png
http://graphicbaseball.com/streamgraphs/2012rays.html,http://christopheviau.com/d3_thumbs/TinyGrab%20Screen%20Shot%202-19-13%208.37.43%20AM.png
http://coovtech.com/posts/stripe-d3/,http://christopheviau.com/d3_thumbs/TinyGrab%20Screen%20Shot%202-20-13%209.22.53%20AM.png
http://bl.ocks.org/mbostock/4699541,http://christopheviau.com/d3_thumbs/TinyGrab%20Screen%20Shot%202-21-13%202.57.32%20PM.png
http://www.nytimes.com/interactive/2013/02/20/movies/among-the-oscar-contenders-a-host-of-connections.html,http://christopheviau.com/d3_thumbs/TinyGrab%20Screen%20Shot%202-21-13%203.27.38%20PM.png
http://skydb.io/,http://christopheviau.com/d3_thumbs/TinyGrab%20Screen%20Shot%202-22-13%201.08.37%20PM.png
http://blog.futureadvisor.com/401k-fees-are-determined-by-hr-negotiation-skills/,http://christopheviau.com/d3_thumbs/TinyGrab%20Screen%20Shot%202-22-13%201.09.12%20PM.png
http://www.visualizing.org/sprint/global-development-sprint,http://christopheviau.com/d3_thumbs/TinyGrab%20Screen%20Shot%202-22-13%201.14.52%20PM.png
http://dexvis.com/vis/MotionChartDemo3.html,http://christopheviau.com/d3_thumbs/TinyGrab%20Screen%20Shot%202-22-13%203.11.28%20PM.png
http://dexvis.wordpress.com/2013/01/28/d3js-parallel-lines-and-football/,http://christopheviau.com/d3_thumbs/TinyGrab%20Screen%20Shot%202-22-13%203.19.57%20PM.png
http://bl.ocks.org/natemiller/20f9bd99d1795e3a0b1c,http://christopheviau.com/d3_thumbs/TinyGrab%20Screen%20Shot%202-22-13%204.13.08%20PM.png
http://www.seaoftweets.com/,http://christopheviau.com/d3_thumbs/TinyGrab%20Screen%20Shot%202-22-13%209.54.01%20AM.png
http://www.nytimes.com/interactive/2013/01/02/us/chicago-killings.html,http://christopheviau.com/d3_thumbs/TinyGrab%20Screen%20Shot%202-6-13%2010.59.18%20AM.png
http://bl.ocks.org/2338034,http://christopheviau.com/d3_thumbs/TinyGrab%20Screen%20Shot%202-6-13%2011.03.23%20PM.png
http://bl.ocks.org/1962173,http://christopheviau.com/d3_thumbs/TinyGrab%20Screen%20Shot%202-6-13%2011.04.42%20PM.png
http://bl.ocks.org/1184766,http://christopheviau.com/d3_thumbs/TinyGrab%20Screen%20Shot%202-6-13%2011.17.17%20PM.png
http://bl.ocks.org/1178682,http://christopheviau.com/d3_thumbs/TinyGrab%20Screen%20Shot%202-6-13%2011.20.54%20PM.png
http://bl.ocks.org/1144047,http://christopheviau.com/d3_thumbs/TinyGrab%20Screen%20Shot%202-6-13%2011.22.13%20PM.png
http://bl.ocks.org/1059602,http://christopheviau.com/d3_thumbs/TinyGrab%20Screen%20Shot%202-6-13%2011.24.22%20PM.png
http://www.guardian.co.uk/sport/interactive/2013/jan/30/nfl-salaries-team-position#baltimore-ravens,http://christopheviau.com/d3_thumbs/TinyGrab%20Screen%20Shot%202-6-13%2011.33.24%20PM.png
san-francisco-49ers,http://christopheviau.com/d3_thumbs/TinyGrab%20Screen%20Shot%202-6-13%202.10.37%20PM.png
http://scottcheng.github.com/bj-air-vis/,http://christopheviau.com/d3_thumbs/TinyGrab%20Screen%20Shot%202-7-13%2010.10.36%20AM.png
http://oscarvillarreal.com/2012/07/12/create-any-map-of-the-world-in-svg/,http://christopheviau.com/d3_thumbs/TinyGrab%20Screen%20Shot%202-7-13%2010.29.59%20AM.png
http://prcweb.co.uk/lab/circularheat/,http://christopheviau.com/d3_thumbs/TinyGrab%20Screen%20Shot%202-7-13%202.42.33%20PM.png
http://vis.databeast.org/vis/story/D3/mdbphd/doktortitel.html,http://christopheviau.com/d3_thumbs/TinyGrab%20Screen%20Shot%202-7-13%202.47.40%20PM.png
http://dev.geosprocket.com/d3/finder/,http://christopheviau.com/d3_thumbs/TinyGrab%20Screen%20Shot%202-7-13%203.40.50%20PM.png
http://events.current.com/social_dashboard,http://christopheviau.com/d3_thumbs/TinyGrab%20Screen%20Shot%202-8-13%2010.08.43%20AM.png
http://bl.ocks.org/4718717,http://christopheviau.com/d3_thumbs/TinyGrab%20Screen%20Shot%202-8-13%2010.22.08%20AM.png
http://bl.ocks.org/4704168,http://i47.tinypic.com/1zqarsn.png
http://www.d3coder.com/2012/07/01/drawing-chemical-structures-with-force-layout/,http://kwout.com/cutout/6/hm/dx/5az_w200.jpg
http://icequake.herokuapp.com/,http://kwout.com/cutout/8/tm/dx/5az_w200.jpg
http://www.jasondavies.com/mobile-lawsuits/,http://kwout.com/cutout/9/jz/hk/nif_w200.jpg
http://bl.ocks.org/4618602,http://kwout.com/cutout/a/fw/vn/ife_w200.jpg
http://bl.ocks.org/4679202,http://kwout.com/cutout/c/5y/tf/ehr_w200.jpg
http://www.dotuscomus.com/pergola/pergola_1.4.0/ExamplesHTML/D3/multiD3.html,http://kwout.com/cutout/f/jt/bi/feh_w200.jpg
http://polychart.com/,http://kwout.com/cutout/f/n3/sd/c36_w200.jpg
http://benjchristensen.com/2011/08/08/simple-sparkline-using-svg-path-and-d3-js/,http://kwout.com/cutout/h/w5/ur/wdc_w200.jpg
http://www.jasondavies.com/planarity/,http://kwout.com/cutout/m/fj/9g/yjb_w200.jpg
http://www.mgrafit.com/00-projects/proj02-PCPbaseline/PCPbaseline.html,http://kwout.com/cutout/m/p9/k7/gyj_w200.jpg
http://astekfoto.blogspot.be/2012/11/running-away-ballons.html,http://kwout.com/cutout/s/kg/w2/ukn_w200.jpg
http://bl.ocks.org/1630683,http://kwout.com/cutout/u/wb/3h/rwd_w200.jpg
http://sentiment.dev.ber.to/,http://kwout.com/cutout/w/6e/83/6t9_w200.jpg
http://www.jasondavies.com/graph-music/,https://a248.e.akamai.net/camo.github.com/00558a2a383da006de3e00e6aed0a3bd861c42b6/687474703a2f2f64336a732e6f72672f65782f63756269736d2e706e67
http://square.github.com/cubism/,https://a248.e.akamai.net/camo.github.com/0330ad828011dab4311257a784e6dffcd…687474703a2f2f64336a732e6f72672f65782f7061636b2d6869657261726368792e706e67
http://mbostock.github.com/d3/talk/20111116/pack-hierarchy.html,https://a248.e.akamai.net/camo.github.com/0446f2c4e783ea11d6bb866a5c75e032b…3e6/687474703a2f2f64336a732e6f72672f65782f666f7263652d7374617465732e706e67
http://mbostock.github.com/d3/talk/20111018/force-states.html,https://a248.e.akamai.net/camo.github.com/0484f431e23957a8c71ab3c177bbb367f…3/687474703a2f2f64336a732e6f72672f65782f666f7263652d766f726f6e6f692e706e67
http://www.christophermanning.org/projects/voronoi-diagram-with-force-directed-nodes-and-delaunay-links/,https://a248.e.akamai.net/camo.github.com/0965990c401367a7bcef4c7c9cecd073d7b6d544/687474703a2f2f64336a732e6f72672f65782f616972706f7274732e706e67
http://mbostock.github.com/d3/talk/20111116/airports.html,https://a248.e.akamai.net/camo.github.com/0db09ff0930500d88e91b8da11339a139…703a2f2f64336a732e6f72672f65782f666f7263652d636f6c6c61707369626c652e706e67
http://mbostock.github.com/d3/talk/20111116/force-collapsible.html,https://a248.e.akamai.net/camo.github.com/10cd1ae6e48bff935e2d5d365c85fa78d…7474703a2f2f64336a732e6f72672f65782f666f7263652d636f6c6c6973696f6e2e706e67
http://mbostock.github.com/d3/talk/20111018/collision.html,https://a248.e.akamai.net/camo.github.com/1415e2af369262e466534480edbc7baa883e5b58/687474703a2f2f64336a732e6f72672f65782f73756e62757273742e706e67
http://bl.ocks.org/4063423,https://a248.e.akamai.net/camo.github.com/17fc43ea5a266a857962da53f3c7d3dd1c351f56/687474703a2f2f64336a732e6f72672f65782f686e2e706e67
http://hn.metamx.com/,https://a248.e.akamai.net/camo.github.com/18decf4a057357729ca35a7b1cb2fc31f887b23d/687474703a2f2f64336a732e6f72672f65782f6275646765742e706e67
http://www.nytimes.com/interactive/2012/02/13/us/politics/2013-budget-proposal-graphic.html,https://a248.e.akamai.net/camo.github.com/1ba21e65688d29f2d40850ab33ab15b66…ef341/687474703a2f2f64336a732e6f72672f65782f77696e64686973746f72792e706e67
http://windhistory.com/,https://a248.e.akamai.net/camo.github.com/24fc9f957d2d3b3a4f23b7aa49c8c1ad1a8e6b84/687474703a2f2f64336a732e6f72672f65782f626f782e706e67
http://bl.ocks.org/4061502,https://a248.e.akamai.net/camo.github.com/2845e402ae4712a84b85062a70a200a31…7474703a2f2f64336a732e6f72672f65782f666c696768742d63616c656e6461722e706e67
http://mbostock.github.com/d3/talk/20111018/calendar.html,https://a248.e.akamai.net/camo.github.com/285d005e60b50a7d3ef7cc8b3f9597110…8/687474703a2f2f64336a732e6f72672f65782f6265646572736f6e2d707562732e706e67
http://www.cs.umd.edu/~bederson/papers/index.html,https://a248.e.akamai.net/camo.github.com/28d86b6d6ba76eebd03fcbf90e816024d62f2bea/687474703a2f2f64336a732e6f72672f65782f62657a6965722e706e67
http://www.jasondavies.com/animated-bezier/,https://a248.e.akamai.net/camo.github.com/29881703b5f7bd08214af09dbe5d5b760…6f3/687474703a2f2f64336a732e6f72672f65782f616972706f7274732d616c6c2e706e67
http://mbostock.github.com/d3/talk/20111116/airports-all.html,https://a248.e.akamai.net/camo.github.com/2e049fa2c568399a4bb5d190b6e178fbabcd323b/687474703a2f2f64336a732e6f72672f65782f636172746f6772616d2e706e67
http://bl.ocks.org/4055908,https://a248.e.akamai.net/camo.github.com/300d16f1b84a9acf2f263271e8ec4b33ff640205/687474703a2f2f64336a732e6f72672f65782f6e6174696f6e732e706e67
http://bost.ocks.org/mike/nations/,https://a248.e.akamai.net/camo.github.com/3579d11cf675da2a12ffcdad356e524978b97434/687474703a2f2f64336a732e6f72672f65782f636f666665652e706e67
http://www.jasondavies.com/coffee-wheel/,https://a248.e.akamai.net/camo.github.com/3fb6699cd8462e7a82b69c04ac5cb37b9…f09/687474703a2f2f64336a732e6f72672f65782f66616365626f6f6b2d69706f2e706e67
http://www.nytimes.com/interactive/2012/05/17/business/dealbook/how-the-facebook-offering-compares.html,https://a248.e.akamai.net/camo.github.com/3fb6699cd8462e7a82b69c04ac5cb37b9…f09/687474703a2f2f64336a732e6f72672f65782f66616365626f6f6b2d69706f2e706e67
http://www.nytimes.com/interactive/2012/05/17/business/dealbook/how-the-facebook-offering-compares.html,https://a248.e.akamai.net/camo.github.com/48f41725f95dad3f65f65e5f47c1b70e9…687474703a2f2f64336a732e6f72672f65782f706172746974696f6e2d7a6f6f6d2e706e67
http://mbostock.github.com/d3/talk/20111018/partition.html,https://a248.e.akamai.net/camo.github.com/4d1a221d33bd9dbcac10129dc34eff00b…213/687474703a2f2f64336a732e6f72672f65782f747265656d61702d7a6f6f6d2e706e67
http://mbostock.github.com/d3/talk/20111018/treemap.html,https://a248.e.akamai.net/camo.github.com/4e1f8cd7b395824b83d37461049c091509f4b9f8/687474703a2f2f64336a732e6f72672f65782f6e75747269656e742e706e67
http://exposedata.com/parallel/,https://a248.e.akamai.net/camo.github.com/522f9a478f783080a15bbde7a42b39c2adf601ee/687474703a2f2f64336a732e6f72672f65782f67656172732e706e67
http://mbostock.github.com/d3/talk/20111116/gears.html,https://a248.e.akamai.net/camo.github.com/54aaf71401657a747cb6e7e68270d350a6bc15b1/687474703a2f2f64336a732e6f72672f65782f686976652e706e67
http://bost.ocks.org/mike/hive/,https://a248.e.akamai.net/camo.github.com/5aba1607a06f0eaa4b739a3e4db9ca01f…687474703a2f2f64336a732e6f72672f65782f766f726f6e6f692d7069636b65722e706e67
http://bl.ocks.org/1405439,https://a248.e.akamai.net/camo.github.com/5e1e7da1bf7835505a72d4f252a0d5d69fe3bc7a/687474703a2f2f64336a732e6f72672f65782f6d6973657261626c65732e706e67
http://bost.ocks.org/mike/miserables/,https://a248.e.akamai.net/camo.github.com/69db8f445151b1c87a16061dfe0e534f520ba003/687474703a2f2f64336a732e6f72672f65782f636f6c6f722e706e67
http://color.method.ac/,https://a248.e.akamai.net/camo.github.com/6c34ada46080dccfc42f3f28cd63a5f829a8da0d/687474703a2f2f64336a732e6f72672f65782f6c63662e706e67
http://www.christophermanning.org/projects/building-cubic-hamiltonian-graphs-from-lcf-notation/,https://a248.e.akamai.net/camo.github.com/75572c7b80dabb1a0984bd8ea9d3ee16c5200fe3/687474703a2f2f64336a732e6f72672f65782f62756e646c652e706e67
http://mbostock.github.com/d3/talk/20111116/bundle.html,https://a248.e.akamai.net/camo.github.com/75c89bc5be846d0a20380ddfd1aa6227317b92e2/687474703a2f2f64336a732e6f72672f65782f736c6f70652e706e67
http://skedasis.com/d3/slopegraph/,https://a248.e.akamai.net/camo.github.com/7761b9d7b6cd69a9a5e38ef19c82e00a7ed77238/687474703a2f2f64336a732e6f72672f65782f6b6f616c61732e706e67
http://www.koalastothemax.com/,https://a248.e.akamai.net/camo.github.com/7bca10845c6e0caa0abdfbcfb96f293150dfa059/687474703a2f2f64336a732e6f72672f65782f636f6c6c61747a2e706e67
http://www.jasondavies.com/collatz-graph/,https://a248.e.akamai.net/camo.github.com/7cfce378de825a886f29b9b4f112f4130…785e1/687474703a2f2f64336a732e6f72672f65782f726f6e6465642d726563742e706e67
http://bl.ocks.org/1123639,https://a248.e.akamai.net/camo.github.com/811ea1b6b8f2456bb54627a40341d1b97b287847/687474703a2f2f64336a732e6f72672f65782f756265722e706e67
http://bost.ocks.org/mike/uberdata/,https://a248.e.akamai.net/camo.github.com/84c8b74251ec9b1aaa85b90bc584f307b…0/687474703a2f2f64336a732e6f72672f65782f697269732d706172616c6c656c2e706e67
http://mbostock.github.com/d3/talk/20111116/iris-parallel.html,https://a248.e.akamai.net/camo.github.com/863148b8d2d7e8e4f33dfb62aadd5fcb0…9/687474703a2f2f64336a732e6f72672f65782f6261722d6869657261726368792e706e67
http://mbostock.github.com/d3/talk/20111116/bar-hierarchy.html,https://a248.e.akamai.net/camo.github.com/8a534aaef7b5d6d9ac5ca5fdfdd1ef3b6…0/687474703a2f2f64336a732e6f72672f65782f617265612d6772616469656e742e706e67
http://mbostock.github.com/d3/talk/20111018/area-gradient.html,https://a248.e.akamai.net/camo.github.com/94fbe58ca94c837184b682ff0cfc2ad924fd36df/687474703a2f2f64336a732e6f72672f65782f697269732d73706c6f6d2e706e67
http://mbostock.github.com/d3/talk/20111116/iris-splom.html,https://a248.e.akamai.net/camo.github.com/a71235c8c8e04e4de210c11ec1b306f493352dcc/687474703a2f2f64336a732e6f72672f65782f666973686579652e706e67
http://bost.ocks.org/mike/fisheye/,https://a248.e.akamai.net/camo.github.com/a7e365d093b0184a39bb7170251ae588e129a768/687474703a2f2f64336a732e6f72672f65782f706172736574732e706e67
http://www.jasondavies.com/parallel-sets/,https://a248.e.akamai.net/camo.github.com/aa90391f97b94023fa8fd006164ffaf84d5de5ff/687474703a2f2f64336a732e6f72672f65782f7261696e2e706e67
http://bl.ocks.org/849853,https://a248.e.akamai.net/camo.github.com/b1020617dc88efaf705e30318f16e56487ccaafa/687474703a2f2f64336a732e6f72672f65782f686f7573652d6d61702e706e67
http://trends.truliablog.com/2012/02/where-are-house-hunters-searching/,https://a248.e.akamai.net/camo.github.com/b138ce1aef787e9827eab741f61aee0324bbe242/687474703a2f2f64336a732e6f72672f65782f7061727469636c65732e706e67
http://bl.ocks.org/1062544,https://a248.e.akamai.net/camo.github.com/b57c6360033fe45d480069244c81c6264…687474703a2f2f64336a732e6f72672f65782f636c75737465722d72616469616c2e706e67
http://mbostock.github.com/d3/talk/20111018/cluster.html,https://a248.e.akamai.net/camo.github.com/b7862a55156b1710f0a17dc2686262555…f0b28/687474703a2f2f64336a732e6f72672f65782f6f70656e2d6275646765742e706e67
http://marcinignac.com/projects/open-budget/,https://a248.e.akamai.net/camo.github.com/c43dcd1bf4e779e4ee961a4b8d6469ed8…b/687474703a2f2f64336a732e6f72672f65782f686f7573652d686561746d61702e706e67
http://trends.truliablog.com/2011/09/house-hunter-by-day-not-so-much-after-midnight/,https://a248.e.akamai.net/camo.github.com/cdab777c353917ce95dc10e71a7b617928df061c/687474703a2f2f64336a732e6f72672f65782f6e6361612e706e67
http://thepowerrank.com/visual/NCAA_Tournament_Predictions,https://a248.e.akamai.net/camo.github.com/d1117a9fdc468634b8560e9a67d36a31a26d99fe/687474703a2f2f64336a732e6f72672f65782f617a696d757468616c2e706e67
http://mbostock.github.com/d3/talk/20111018/azimuthal.html,https://a248.e.akamai.net/camo.github.com/d5244235a87c55b9062c4dfcab6603e1e…26a/687474703a2f2f64336a732e6f72672f65782f666f7263652d6c6162656c732e706e67
http://bl.ocks.org/1377729,https://a248.e.akamai.net/camo.github.com/d922e5f6a3892ac444fccc7f7615e98f24e162d1/687474703a2f2f64336a732e6f72672f65782f776f726c642e706e67
http://projects.flowingdata.com/life-expectancy/,https://a248.e.akamai.net/camo.github.com/d9abb5b2b474c0e37728abedb9ba722f8b6e4f24/687474703a2f2f64336a732e6f72672f65782f73616e6b65792e706e67
http://bost.ocks.org/mike/sankey/,https://a248.e.akamai.net/camo.github.com/e1a1948f0bcfa095d54793afd3ab96af97731773/687474703a2f2f64336a732e6f72672f65782f636c75737465722e706e67
http://bl.ocks.org/4063570,https://a248.e.akamai.net/camo.github.com/e646acd936244a6db8a140fb0e1e421d95b97d8e/687474703a2f2f64336a732e6f72672f65782f747265652e706e67
http://bl.ocks.org/4063550,https://a248.e.akamai.net/camo.github.com/edf0bcf9d8898a717b0802fb36f3b24049071db8/687474703a2f2f64336a732e6f72672f65782f747265652d7a6f6f6d2e706e67
http://mbostock.github.com/d3/talk/20111018/tree.html,https://a248.e.akamai.net/camo.github.com/f2c71c540f16e8cc81cde8afbff95dd8b6c23ee1/687474703a2f2f64336a732e6f72672f65782f636c6f75642e706e67
http://www.jasondavies.com/wordcloud/,https://a248.e.akamai.net/camo.github.com/f3a18e27d646d5c9278571edf34554f6e…71b36/687474703a2f2f64336a732e6f72672f65782f63726f737366696c7465722e706e67
http://square.github.com/crossfilter/,https://gist.github.com/benelsen/4969007/raw/72dfdae899fb04e536bf4a1ea5fc128c09f822f8/thumbnail.png
http://bl.ocks.org/benelsen/4969007,https://lh5.googleusercontent.com/-KhI8U9vJ4i0/UPO5vUHI9BI/AAAAAAAABS4/EI6N-YANKaM/s800/white_house.png
http://www.nytimes.com/interactive/2012/11/02/us/politics/paths-to-the-white-house.html,https://raw.github.com/gist/4362310/thumbnail.png
http://bl.ocks.org/4370043,
https://github.com/jasondavies/d3-cloud/blob/master/d3.layout.cloud.js,
http://datavelib.com/,
http://www.jasondavies.com/voroboids/,
http://bl.ocks.org/1067616,
http://bl.ocks.org/1067636,
http://budget.brettmandel.com/,
http://www.billdwhite.com/wordpress/?p=496,
http://bl.ocks.org/1061834,
http://bl.ocks.org/1249394,
http://blockses.appspot.com/2503502,
http://blog.ouseful.info/2012/05/11/viewing-openlearn-mindmaps-using-d3-js/,
http://blog.pixelingene.com/2011/07/building-a-tree-diagram-in-d3-js/,
http://blog.pixelingene.com/2011/08/progressive-reveal-animations-in-svg-using-a-svgclippath/,
http://jsfiddle.net/murray_3/5q62y/8/,
http://www.jasondavies.com/tree-of-life/,
http://bl.ocks.org/4175202,
http://www.jasondavies.com/wordcloud/,
http://wiki.cfcl.com/bin/view/Projects/SPARQLy/GUIs/WebHome,
http://bl.ocks.org/1226718,
http://bl.ocks.org/3689677,
http://jsfiddle.net/7WQjr/,
http://jsfiddle.net/christopheviau/v6VMf/,
http://bl.ocks.org/910126,
http://bl.ocks.org/1935509,
http://bl.ocks.org/4631136,
http://bl.ocks.org/4629518,
http://bl.ocks.org/1327441,
http://exposedata.com/canvas/stacked.html,
http://javadude.wordpress.com/2012/06/18/d3-js-most-simple-stack-layout-with-bars/,
http://javadude.wordpress.com/2012/06/13/d3-js-playing-with-selections-flat-vs-hierarchy/,
http://dyninc.github.com/d3-smokechart/,
http://vallandingham.me/small_multiples_with_details.html,
http://bl.ocks.org/4348024,
http://bl.ocks.org/3732612,
http://bl.ocks.org/2595950,
http://bl.ocks.org/4481531,
http://jsfiddle.net/indiemaps/gzPDU/,
http://labs.radiantmachines.com/al/,
http://timelyportfolio.blogspot.com/search/label/d3,
http://tributary.io/inlet/4637557,
http://webtasks.keck.waisman.wisc.edu/scatterize/d/Acdck0qHJo#h=2&m=OLS&x=1&y=6,
http://www.ericbullington.com/articles/2012/01/31/kmeans-visualization,
http://blog.ouseful.info/2012/05/24/f1-championship-points-as-a-d3-js-powered-sankey-diagram/,
http://nickrabinowitz.com/projects/d3/alluvial/alluvial-dynamic.html,
http://bl.ocks.org/3921009,
http://bl.ocks.org/d/3779574/,
http://www.larsko.org/v/euc/,
http://www.newscientist.com/embedded/us-demographics-2050,
http://kreese.net/blog/2012/08/26/d3-js-creating-a-polar-area-diagram-radial-bar-chart/,
http://bl.ocks.org/1346395,
http://blog.stephenboak.com/2011/08/07/easy-as-a-pie.html,
https://github.com/gajus/pie-chart,
http://bl.ocks.org/2280295,
http://tributary.io/inlet/4458395/,
http://bl.ocks.org/1341281,
http://bl.ocks.org/3290263,
http://charlesmartinreid.com/wordpress/2012/08/d3-and-the-parallel-plot-part-1-of-2/,
http://charlesmartinreid.com/wordpress/2012/08/d3-and-wordpress/,
http://charts.graphicbaseball.com/parallelbatting,
http://charts.graphicbaseball.com/parallelpitching,
http://syntagmatic.github.com/parallel-coordinates/,
http://www.hiregion.com/2012/08/using-d3-visualization-for-fraud.html,
http://elections.nytimes.com/2012/electoral-map,
http://joenoodles.com/2013/01/the-last-slice-of-pie/,
http://bit.ly/PvWgUH,
http://bl.ocks.org/1021841,
http://bl.ocks.org/1021953,
http://bl.ocks.org/1062288,
http://bl.ocks.org/1080941,
http://bl.ocks.org/1129492,
http://bl.ocks.org/2883411,
http://bl.ocks.org/2920551,
http://bl.ocks.org/929623,
http://cgmartin.com/itunes-library-network-graph/,
http://dhs.stanford.edu/dh/networks/,
http://dl.dropbox.com/u/14196218/Share/d3ForceIntegrations.html,
http://excelramblings.blogspot.co.uk/2012/07/visualizing-system-integrations-using.html,
http://flowingdata.com/2012/08/02/how-to-make-an-interactive-network-visualization/,
http://gkarthik.net/2012/,
http://maxdemarzi.com/2012/02/13/visualizing-a-network-with-cypher/,
http://mbostock.github.com/d3/talk/20110921/,
http://nodal.me/login,
http://ramblings.mcpher.com/Home/excelquirks/d3/anyforce,
http://rfw.name/blog/2012/10/23/visualizing_facebook_friends.html,
http://www.drewconway.com/zia/?p=2765,
http://www.jasondavies.com/complete-graphs/,
https://ncc.cchmc.org/prod/umls_visualizer/index.do,
http://linkedjazz.org/network/,
http://labs.data-publica.com/ratp/,
http://metro.ezyang.com/,
http://www.humblesoftware.com/demos/trig_d3,
http://www.jasondavies.com/17x17/,
http://www.jasondavies.com/9patch/,
http://www.jasondavies.com/animated-quasicrystals/,
http://www.jasondavies.com/animated-trig/,
http://www.jasondavies.com/bifurcation/,
http://www.jasondavies.com/bloomfilter/,
http://www.jasondavies.com/bml/,
http://www.jasondavies.com/calkin-wilf-tree/,
http://www.jasondavies.com/carotid/,
http://www.jasondavies.com/duplicates/,
http://www.jasondavies.com/factorisation-diagrams/,
http://www.jasondavies.com/gaussian-primes/,
http://www.jasondavies.com/girko-circle/,
http://www.jasondavies.com/hamming-quilt/,
http://www.jasondavies.com/hilbert-curve/,
http://www.jasondavies.com/hilbert-stocks/#GOOG,
ADBE,
http://www.jasondavies.com/leibniz-spiral/,
http://www.jasondavies.com/maps/antipodes/,
http://www.jasondavies.com/maps/random-points/,
http://www.jasondavies.com/maps/simplify/,
http://www.jasondavies.com/maps/simplify/koch/,
http://www.jasondavies.com/morley-triangle/,
http://www.jasondavies.com/necklaces/,
http://www.jasondavies.com/plasma/,
http://www.jasondavies.com/poincare-disc/,
http://www.jasondavies.com/primos/,
http://www.jasondavies.com/pythagoras-proof/,
http://www.jasondavies.com/random-arboretum/,
http://www.jasondavies.com/random-polygon-ellipse/,
http://www.jasondavies.com/rhodonea/,
http://www.jasondavies.com/sorting/,
http://www.jasondavies.com/sunflower-phyllotaxis/,
http://www.jeromecukier.net/projects/models/ca.html,
http://www.jeromecukier.net/projects/models/life.html,
http://www.jeromecukier.net/projects/models/markov.html,
http://www.jeromecukier.net/projects/models/percolate.html,
http://www.jeromecukier.net/projects/models/polya.html,
http://www.jeromecukier.net/projects/models/segregate.html,
http://bl.ocks.org/1005090,
http://othellomap.nand.io/,
http://bl.ocks.org/1073373,
http://bl.ocks.org/1343714,
http://bl.ocks.org/1653763,
http://bl.ocks.org/2322933,
http://bl.ocks.org/4091835,
http://bl.ocks.org/4246925,
http://bl.ocks.org/4444770,
http://bl.ocks.org/4645873,
http://bl.ocks.org/4686432,
http://bl.ocks.org/4686541,
http://blog.lightjs.org/2012/09/d3-js-fun-france-2/,
http://bost.ocks.org/mike/drought/,
http://bost.ocks.org/mike/map/,
http://calvinmetcalf.github.com/k3/,
http://catchanalyst.co.nz/,
http://chelm.github.com/jsgeo/,
http://css.dzone.com/articles/render-geographic-information,
http://datamaps.github.com/,
http://eyeseast.github.com/visible-data/2012/12/14/mapping-with-d3/,
http://geowiki.com/,
http://littleearth.ca/jsmag/,
http://mapbox.com/mapbox.js/example/vectors-with-d3/,
http://marcneuwirth.com/blog/2012/06/24/creating-the-earth-with-d3-js/,
http://theartofasking.com/question/wjucdg6k,
http://www.jasondavies.com/maps/clip/,
http://www.web-maps.com/gisblog/?p=1370,
http://michaelporath.com/talks/d3.geo/,
http://tributary.io/inlet/4374041/,
http://tweitgeist.colinsurprenant.com/,
http://bl.ocks.org/4390054,
http://benjchristensen.com/2012/05/15/interactive-line-graph-using-d3-js/,
http://bl.ocks.org/1182434,
http://bl.ocks.org/1629644,
http://bl.ocks.org/4289018,
http://projects.flowingdata.com/life-expectancy/,
http://bl.ocks.org/1377729,
http://bl.ocks.org/1691430,
http://bl.ocks.org/3391642,
http://bl.ocks.org/1005873,
https://github.com/gajus/interdependent-interactive-histograms,
http://bl.ocks.org/2759731,
http://blog.nextgenetics.net/?e=44,
http://tomerdoron.blogspot.com/2011/12/google-style-gauges-using-d3js.html,
http://blog.latentflip.com/post/18195267992/d3-collider,
http://dciarletta.github.com/d3-floorplan/,
http://fanfarefantastique.com/vishna/,
http://www.mgrafit.com/00-projects/proj01-MSTrials/MStrials.html,
http://2013.poster.thirteen23.com/generator/,
http://bl.ocks.org/1020902,
http://bl.ocks.org/1021103,
http://bl.ocks.org/1062544,
http://bl.ocks.org/1353700,
http://bl.ocks.org/4349166,
http://www.koalastothemax.com/,
http://goo.gl/UEaFW,
https://github.com/asutherland/d3-threeD,
http://bl.ocks.org/4315896,
http://bl.ocks.org/1552725,
https://my.infocaptor.com/dash/mt.php?pa=world_clocks_using_d3_part2_511031bc87e14,
http://blog.visual.ly/how-to-make-choropleth-maps-in-d3/,
http://code.leakingalpha.com/visionyc/,
http://gabrielflor.it/,
http://bl.ocks.org/1046712,
http://exposedata.com/tutorial/chord/latest.html,
http://fleetinbeing.net/d3e/chord.html,
http://livecoding.io/3419309,
http://www.javainc.com/projects/dex/examples/vis/d3/presidents/presidentPartyChord.html,
http://www.nu.nl/files/datajournalistiek/ek/ek2012.htm#.UKJ5yuOe8ww,
http://www.rjbaxley.com/p/publications.html,
http://www.tips-for-excel.com/MCFC/Passes.html,
http://www.torre.nl/remittances/,
https://github.com/d3/d3-plugins,
http://bl.ocks.org/2011590,
http://bl.ocks.org/2295155,
http://bl.ocks.org/2369589,
http://rhokaustin.org/,
http://www.janwillemtulp.com/2011/03/22/tutorial-conways-game-of-life-in-d3/,
http://openfrance.lightjs.org/,
http://prag.ma/code/d3-cartogram/,
http://www.jasondavies.com/maps/dorling-world/,
http://bl.ocks.org/1074045,
http://bl.ocks.org/4485778,
http://improve.ro/sandbox/politicians/v1.1/,
http://n79.org/infographics/asg1/,
http://slodge.com/teach/,
http://vallandingham.me/bubble_charts_in_d3.html,
http://vallandingham.me/bubble_cloud/,
http://vallandingham.me/vis/gates/,
http://www.lemonde.fr/politique/visuel/2012/09/18/de-maastricht-au-traite-b…aire-les-oui-et-les-non-de-39-personnalites-politiques_1760615_823448.html,
http://www.neural-code.com/Visualize/monaural.html,
http://stanford.edu/~garylee/bibly/,
http://bl.ocks.org/4324236,
http://jsfiddle.net/johnwun/8hSGP/,
http://mbostock.github.com/d3/tutorial/bar-1.html,
http://mbostock.github.com/d3/tutorial/bar-2.html,
http://theoldbeggar.com/aid/,
http://www.d3-generator.com/,
http://bl.ocks.org/1071269,
http://bl.ocks.org/1166403,
http://bl.ocks.org/3605124,
http://bl.ocks.org/4723857,
http://theoldbeggar.com/visuals/us-energy-use/,
http://bl.ocks.org/3630001,
http://tympanus.net/codrops/2012/08/29/multiple-area-charts-with-d3-js/,
http://tradearc.laserdeathstehr.com/,
http://bl.ocks.org/1098617,
https://plot.ly/,
http://007.lucklaboratories.com/,
http://2011.12devsofxmas.co.uk/2012/01/data-visualisation/,
http://3angular.roberryarts.com/,
http://alignedleft.com/tutorials/d3/,
http://ameliamango.com/fatness.html,
http://anf.ucsd.edu/tools/data_return_rates/,
http://anilomanwar.github.com/d3jsExperiments/ChartWheel.html,
http://benclinkinbeard.com/talks/2012/NCDevCon/#/,
http://benjchristensen.com/2012/05/02/line-graphs-using-d3-js/,
http://bioviz.rocq.inria.fr/plotter/,
http://bit.ly/QHVOU0,
http://bit.ly/US45pL,
http://bl.ocks.org/1016220,
http://bl.ocks.org/1044242,
http://bl.ocks.org/1061834,
http://bl.ocks.org/1062383,
http://bl.ocks.org/1086421,
http://bl.ocks.org/1117287,
http://bl.ocks.org/1117287,
http://bl.ocks.org/1171371,
http://bl.ocks.org/1305347,
http://bl.ocks.org/1314483,
http://bl.ocks.org/1340727,
http://bl.ocks.org/1364304,
http://bl.ocks.org/1365279,
http://bl.ocks.org/1367999,
http://bl.ocks.org/1503463,
http://bl.ocks.org/1548215,
http://bl.ocks.org/1557990,
http://bl.ocks.org/1573240,
http://bl.ocks.org/1629464,
http://bl.ocks.org/1706523,
http://bl.ocks.org/2209220,
http://bl.ocks.org/2294676,
http://bl.ocks.org/2846726,
http://bl.ocks.org/3048168,
http://bl.ocks.org/3092303,
http://bl.ocks.org/3095037,
http://bl.ocks.org/3173233,
http://bl.ocks.org/3287802,
http://bl.ocks.org/3344600,
http://bl.ocks.org/3371488,
http://bl.ocks.org/3517374,
http://bl.ocks.org/3543186,
http://bl.ocks.org/3682990,
http://bl.ocks.org/3750900,
http://bl.ocks.org/3804779,
http://bl.ocks.org/3883098,
http://bl.ocks.org/3934356,
http://bl.ocks.org/3953793,
http://bl.ocks.org/4047002,
http://bl.ocks.org/4053096)[and,
http://bl.ocks.org/4090846,
http://bl.ocks.org/4134037,
http://bl.ocks.org/4168921,
http://bl.ocks.org/4236639,
http://bl.ocks.org/4260668,
http://bl.ocks.org/4318672,
http://bl.ocks.org/4331208,
http://bl.ocks.org/4333610,
http://bl.ocks.org/4454550,
http://bl.ocks.org/647888,
http://bl.ocks.org/912735,
http://bl.ocks.org/938288,
http://bl.ocks.org/993912,
http://bl.ocks.org/christophermanning,
http://bl.ocks.org/gka,
http://bl.ocks.org/johan,
http://bl.ocks.org/mbostock.rss,
http://bl.ocks.org/tmcw,
http://bl.ocks.org/ZJONSSON,
http://blog.echen.me/2012/03/05/instant-interactive-visualization-with-d3-and-ggplot2/,
http://blog.freshteapot.net/post/31938798971/using-d3-js-to-visualise-my-heart-rate,
http://blog.lightjs.org/2012/10/welcome-to-webplatform-animation-d3js/,
http://blog.new-bamboo.co.uk/2012/06/22/olympic-medal-rivalry,
http://blog.nextgenetics.net/?e=19,
http://blog.nextgenetics.net/?e=7,
http://blog.sathomas.me/post/javascript-idioms,
http://blog.visual.ly/creating-animations-and-transitions-with-d3-js/,
http://blog.visual.ly/using-selections-in-d3-to-make-data-driven-visualizations/,
http://blog.visual.ly/visual-ly-meetup-recap-introductory-d3-workshop/,
http://blogs.infoecho.net/echo/2012/02/05/ipython-notebook-d3-js-mashup/,
http://bollwyvl.github.com/blockd3/,
http://bost.ocks.org/mike/,
http://bost.ocks.org/mike/chart/,
http://bost.ocks.org/mike/constancy/,
http://bost.ocks.org/mike/d3/workshop/,
http://bost.ocks.org/mike/join/,
http://bost.ocks.org/mike/nest/,
http://bost.ocks.org/mike/path/,
http://briantford.com/blog/angular-d3.html,
http://cdn-smooth.ms-studiosmedia.com/events/W3C/Day2/Web_Standards.mp4,
http://chart.io/,
http://chop.leeds.ac.uk/stn/interface/gallery.php,
http://christopheviau.com/d3_tutorial/,
http://christopheviau.com/d3_tutorial/d3_inkscape/,
http://code.hazzens.com/d3tut/,
http://code.hazzens.com/d3tut/lesson_0.html,
http://codementum.org/exoplanets/,
http://collusion.toolness.org/,
http://congress.joshreyes.com/,
http://cssdeck.com/labs/d3-repulsive,
http://d3-example.herokuapp.com/,
http://d3-spectrum.herokuapp.com,
http://d3export.cancan.cshl.edu/,
http://dan.iel.fm/xkcd/,
http://data-story.org,
http://datacommunitydc.org/blog/2013/01/d3-js-meta-tutorial/,
http://dealloc.me/2011/06/24/d3-is-not-a-graphing-library.html,
http://dev.klp.org.in/timeseries/choropleth.html,
http://diabetesvis.herokuapp.com/diabetes/dashboard,
http://do.minik.us/shorts/guns/guns.html,
http://drsm79.github.com/Backbone-d3/index.html,
http://eng.wealthfront.com/2011/12/converting-dynamic-svg-to-png-with.html,
http://enja.org/2011/09/15/simple-d3-js-pie-chart-webcast/,
http://enjalot.com/tributary/2165875/sinwaves.js,
http://enjalot.github.com/intro-d3/gaffta/#/,
http://exploreanalytics.com/,
http://exposedata.com/hypercube/rotate/,
http://fleetinbeing.net/beans/d3,
http://flowingdata.com/2012/08/02/how-to-make-an-interactive-network-visualization/,
http://hotspots.io/election,
http://hughsk.github.com/colony,
http://javadude.wordpress.com/category/d3-js/,
http://jeromecukier.net/projects/agot/events.html,
http://jerseyshots.com/viz/newborn.html,
http://jllord.github.com/sheetsee.js/,
http://jsfiddle.net/plaliberte/HAXyd/,
http://jsfiddle.net/shawnbot/BJLe6/,
https://blogs.law.harvard.edu/jreyes/2012/12/13/render-d3-js-driven-svg-server-side/,
http://keminglabs.com/ukuni/,
http://kenhub.github.com/giraffe/#dashboard=Demo&timeFrame=1d,
http://knowledgestockpile.blogspot.com/search/label/D3,
http://labratrevenge.com/experiments,
http://labs.im/hnstat/,
http://lanyrd.com/series/london-d3-js/,
http://latentflip.github.com/d3/techmeetup,
http://latentflip.github.com/violin/,
http://littleearth.ca/ce/,
http://livecoding.gabrielflor.it,
http://macwright.org/minute/,
http://markhansen.co.nz/stolen-vehicles-pt1/,
http://markhansen.co.nz/stolen-vehicles-pt2/,
http://maxdemarzi.com/2012/03/08/connections-in-time/,
http://mbostock.github.com/d3/,
http://mbostock.github.com/d3/talk/20111018/,
http://mbostock.github.com/d3/talk/20111116/,
http://mbostock.github.com/d3/tutorial/circle.html,
http://mbostock.github.com/d3/tutorial/protovis.html,
http://meloncholy.com/blog/using-d3-for-realtime-webserver-stats/,
http://meshu.io/,
http://michiel.wordpress.com/2012/07/13/a-physics-model-of-a-physics-model/,
http://names.darkgreener.com,
http://nathansuniversity.com/vanilla/discussion/111/description-a-little-language-for-d3js,
http://nickqizhu.github.com/dc.js/,
http://nowherenearithaca.blogspot.com/2012/12/simulating-us-birthsdeaths-in-real-time.html,
http://nowherenearithaca.github.com/empires/empires.html,
http://nvd3.org/,
http://ofps.oreilly.com/titles/9781449339739/,
http://ollieglass.com/2012/04/21/bieber-fever-meter-with-html5s-web-socket-d3-js-and-pusher/,
http://phrogz.net/JS/d3-playground/#BlankDefault,
http://plot.io/,
http://prcweb.co.uk/slides/d3/,
http://quasipartikel.at/2012/04/25/dancing-with-data/,
http://ramblings.mcpher.com/Home/excelquirks/d3,
http://ramblings.mcpher.com/Home/excelquirks/d3/partition,
http://ramblings.mcpher.com/Home/excelquirks/d3/sankey,
http://sammyd.github.com/blog/2012/09/16/visualising-conair-data-with-cubism-dot-js/,
http://saranyan.github.com/commerce_wheel,
http://shancarter.com/talk/2012/visualized/,
http://shop.oreilly.com/product/0636920025429.do,
http://sizes.darkgreener.com/,
http://sizethreestudios.com/Projects/_moneyball,
http://skyrill.com/leaders/,
http://square.github.com/cube/,
http://square.github.com/tesseract/,
http://stanford.edu/~c0chran/cgi-bin/WordRiver/,
http://stowers.org/stowersreport/maps,
http://students.mimuw.edu.pl/~rk292662/vertex/,
http://swizec.com/blog/quick-scatterplot-tutorial-for-d3-js/swizec/5337,
http://tenxer.github.com/xcharts/,
http://thecelestialweb.com,
http://thecodingtutorials.blogspot.com/2012/07/introduction-to-d3.html,
http://thecodingtutorials.blogspot.com/search/label/D3,
http://theory.info/,
http://timelyportfolio.blogspot.com/,
http://timelyportfolio.blogspot.com/2012/12/d3-shiny-and-r-reporting-performance.html,
http://trends.truliablog.com/vis/pricerange-sf/,
http://trisul.org/,
http://tulpinteractive.com/achristmascarol/,
http://tulpinteractive.com/close-votes/,
http://ui-cloud.com/web-based-visualization-part-1-the-d3-js-key-concept/,
http://vallandingham.me/,
http://vallandingham.me/feltronifier/,
http://vallandingham.me/vis/,
http://vallandingham.me/vis/church_by_state.html,
http://vallandingham.me/vis/jobs_by_state.html,
http://vallandingham.me/vis/matlab_license.html,
http://vallandingham.me/vis/movie,
http://vallandingham.me/vis/nationality_by_city.html,
http://vallandingham.me/vis/racial_divide.html,
http://vimeo.com/29458354,
http://vimeo.com/35005701,
http://vimeo.com/45558674,
http://vis.stanford.edu/jheer/d3/pyramid/shift.html,
http://vis.stanford.edu/papers/d3,
http://visual-baseball.com/d3/baseball/Drillable_Bar_Charts/HR.html,
http://visual.ly/search/node?keys=d3.js,
http://visual.ly/vizbox/inequality-in-america/,
http://visurus.wordpress.com/2012/08/30/visualizing-swiss-politicians-on-twitter-using-d3-js/,
http://vogievetsky.github.com/IntroD3/,
http://vvvvjs.quasipartikel.at/,
http://webholics.github.com/talk-munichjs-d3/#2.0,
http://webmonarch.github.com/d34raphael/usage.html,
http://www.atomodo.com/flb/?e=13839%2025793#,
http://www.benh.co.uk/datasift/visualising-a-datasift-feed-with-node-and-d3/,
http://www.capitolmarkets.com/gsa-leased-investment-opportunity/,
http://www.christophermanning.org/projects/building-cubic-hamiltonian-graphs-from-lcf-notation/,
http://www.christophermanning.org/projects/chicago-lobbyists-force-directed-graph-visualization/,
http://www.christophermanning.org/projects/chicago-ward-remap-outlines/,
http://www.cloudshapes.co.uk/labs/mike-bostock-gists/,
http://www.codeproject.com/Articles/523444/D3-crash-course,
http://www.d3noob.org/,
http://www.d3noob.org/2012/12/using-plunker-for-development-and.html,
http://www.dashingd3js.com/,
http://www.dashingd3js.com/svg-group-element-and-d3js,
http://www.datavizchallenge.org/viz/73,
http://www.davidmasad.com/sandbox/FirmClusters.html,
http://www.diegovalle.net/electometer,
http://www.ericbullington.com/articles/2012/10/27/d3-oclock,
http://www.filosophy.org/projects/goonsquad/,
http://www.influencermoth.com/,
http://www.isbarackobamathepresident.com/,
http://www.janwillemtulp.com/category/d3/,
http://www.jasondavies.com/american-forces-in-afghanistan-and-iraq/,
http://www.jasondavies.com/apollonian-gasket/,
http://www.jasondavies.com/bubbles/,
http://www.jasondavies.com/crayola/,
http://www.jasondavies.com/earthquakes/#3.00/20.00/805.00,
http://www.jasondavies.com/psum/lp/,
http://www.jasondavies.com/set-partitions/,
http://www.jasondavies.com/tuebingen/,
http://www.jasondavies.com/wave/,
http://www.jeromecukier.net/blog/2012/05/28/manipulating-data-like-a-boss-with-d3/,
http://www.jeromecukier.net/blog/category/d3/,
http://www.jeromecukier.net/projects/agot/places.html,
http://www.jeromecukier.net/projects/crime/murders.html,
http://www.jeromecukier.net/projects/models/nuitblanche.html,
http://www.larsko.org/VisualisationPlayground,
http://www.lastchart.com,
http://www.meetup.com/Bay-Area-d3-User-Group/,
http://www.meetup.com/Boston-d3-js-User-Group/,
http://www.meetup.com/NYC-D3-JS/,
http://www.nytimes.com/interactive/2012/03/07/us/politics/how-candidates-fared-with-different-demographic-groups.html,
http://www.nytimes.com/interactive/2012/08/01/sports/olympics/racing-against-history.html,
http://www.nytimes.com/interactive/2012/08/11/sunday-review/drought-history.html,
http://www.nytimes.com/interactive/2012/08/24/us/drought-crops.html,
http://www.nytimes.com/interactive/2012/09/04/us/politics/democratic-convention-words.html,
http://www.nytimes.com/interactive/2012/09/06/us/politics/convention-word-counts.html,
http://www.nytimes.com/interactive/2012/09/14/us/how-the-chicago-public-school-district-compares.html,
http://www.nytimes.com/interactive/2012/10/15/us/politics/swing-history.html,
http://www.nytimes.com/interactive/2012/11/07/us/politics/obamas-diverse-base-of-support.html,
http://www.prcweb.co.uk/lab/energy,
http://www.recursion.org/d3-for-mere-mortals/,
http://www.simple.com/blog/Simple/announcing-reports,
http://www.skillshare.com/Introduction-to-d3js-and-data-driven-visualizations/1912580409,
http://www.skyrill.com/seatinghabits/,
http://www.sorens.in/posts/2012-8-11-uw-courses,
http://www.torlaune.de/euro-2012/spieler-relationen/,
http://www.ultrasaurus.com/sarahblog/2012/03/d3-js-experiments-in-the-console/,
http://www.ustream.tv/channel/gaslighters,
http://www.ustream.tv/recorded/20313703,
http://www.verisi.com/resources/d3-tutorial-basic-charts.htm,
http://www.vislives.com/2011/09/brownlow-medal-winners-visualization.html),
http://www.vislives.com/2011/12/infinite-jest-visualization.html,
http://www.vislives.com/2012/04/when-is-easter-sunday.html,
http://www.vislives.com/2012/05/d3js-transitions-zoom-zoom.html,
http://www.vislives.com/2012/10/summer-olympics-home-ground-advantage.html,
http://www.visualizing.org/visualizations/uk-olympic-sentiment-analysis,
http://www.visualizing.org/visualizations/un-global-pulse-visualization,
http://www.visualizing.org/visualizations/urban-water-explorer/,
http://www.wimdows.nl/datavis/lib/D3/ciripleth-area-exp.html,
http://www.youtube.com/watch?v=JAlZ0uJnqkA,
http://zzolo.github.com/d3js-example-presentation/,
http://zzolo.github.com/mjc-data-visualization-presentation/,
https://bitbucket.org/davidagraf/dartsplaytree/src,
https://bitdeli.com/,
https://blog.wealthfront.com/startup-employee-equity-compensation/,
https://dl.dropbox.com/u/3397495/VIM/VIMKEYMAP/manual_svg_014.html,
https://gist.github.com/stepheneb/2045912,
https://github.com/boorad/d3-tsline,
https://github.com/davidcox/plotsk,
https://github.com/enjalot/adventures_in_d3,
https://github.com/fod/job_flow_vis,
https://github.com/hadley/r2d3,
https://github.com/hhuuggoo/pushd3,
https://github.com/mbostock/d3/wiki/Integrating-D3-with-a-CouchDB-database-1,
https://github.com/mbostock/d3/wiki/Integrating-D3-with-a-CouchDB-database-2,
https://github.com/mbostock/d3/wiki/Integrating-D3-with-a-CouchDB-database-3,
https://github.com/mbostock/d3/wiki/Integrating-D3-with-a-CouchDB-database-4,
https://github.com/mhemesath/r2d3/,
https://github.com/mikedewar/d3py,
https://github.com/nrabinowitz/d3_utils/blob/master/d3.util.js,
https://github.com/roundrobin/d3.js-Sublime-2-Snippets,
https://github.com/shutterstock/rickshaw,
https://github.com/vogievetsky/DVL,
https://googledrive.com/host/0B5vtcGFLVUFgSXhjMEU5RTBNaUU/#hurling/,
https://www.gov.uk/performance/dashboard,
https://github.com/cakey/infro,
http://affinitybridge.com/blog/presentation-visualizing-data-d3js-and-mapping-tools-nettuesday,bookmark
http://paulcrickard.wordpress.com/2012/11/28/d3-js-and-mongodb/,bookmark
http://techslides.com/angular-js-demos-examples-and-resources/,bookmark
http://techslides.com/50-javascript-charting-and-graphics-libraries/,bookmark
http://techslides.com/amazing-css-demos/,external nofollow
